id,genre,track_name,artist_name,album_name,album_cover,release_date,preview_link,spotify_link,acousticness,danceability,energy,instrumentalness,liveness,loudness,speechiness,tempo,valence,playlist_mood
6jzWyXK9O7DoNWYRN99NMV,acoustic,Private Investigations - Edit,Dire Straits,The Best of Dire Straits & Mark Knopfler - Private Investigations (Limited Edition),https://i.scdn.co/image/ab67616d0000b27311cd3607f236dd71b56b1029,2005-11-07,,https://open.spotify.com/track/6jzWyXK9O7DoNWYRN99NMV,0.589,0.612,0.163,0.663,0.0745,-17.64,0.0337,84.654,0.0696,Sleepy
4owSUnc0zWYZQ6VWcjYd31,ambient,Blue Embers,Cell,Fahrenheit Project Part Five,https://i.scdn.co/image/ab67616d0000b27329d652eadd9d409b1d1c69cc,2005-02-01,,https://open.spotify.com/track/4owSUnc0zWYZQ6VWcjYd31,0.674,0.249,0.412,0.821,0.147,-19.669,0.0442,89.221,0.15,Sleepy
7FYbiwCEaxSEp2iAeteqUJ,ambient,December Hunting for Vegetarian Fuckface,Stars Of The Lid,And Their Refinement of the Decline,https://i.scdn.co/image/ab67616d0000b273d6eb832295ddf386c825fdba,2007-04-02,https://p.scdn.co/mp3-preview/a40e862735b0b37e6af39b6240e307881b591c97?cid=025b3fc46b48490c9d2b54cbf1d12888,https://open.spotify.com/track/7FYbiwCEaxSEp2iAeteqUJ,0.376,0.14,0.0925,0.942,0.292,-22.711,0.0466,140.441,0.0336,Sleepy
0JjiFVcNMWRSRWFryj4Cwv,ambient,There is no spoon,Sync24,Comfortable Void,https://i.scdn.co/image/ab67616d0000b2730f4ca26dbec22bbf055288b1,2012-06-28,,https://open.spotify.com/track/0JjiFVcNMWRSRWFryj4Cwv,0.783,0.167,0.169,0.84,0.195,-21.587,0.0389,73.586,0.0358,Sleepy
5yLM6k78rQlppC0UB4UIKf,ambient,The Third Planet,Biosphere,Compilation 1991-2004,https://i.scdn.co/image/ab67616d0000b273436640fd49d2ac66de9732e2,2012-02-23,,https://open.spotify.com/track/5yLM6k78rQlppC0UB4UIKf,0.946,0.721,0.25,0.854,0.109,-19.016,0.0354,130.018,0.306,Sleepy
4upUGbQVqH0qlhEmCM79f1,ambient,Second Narrows,Loscil,Sketches from New Brighton,https://i.scdn.co/image/ab67616d0000b27310889e25a44ce03fe2d92042,2012-09-10,https://p.scdn.co/mp3-preview/4513340800ab340c8e25c9e77b78c819480f70b0?cid=025b3fc46b48490c9d2b54cbf1d12888,https://open.spotify.com/track/4upUGbQVqH0qlhEmCM79f1,0.881,0.342,0.215,0.802,0.106,-23.566,0.0431,119.954,0.146,Sleepy
2zbt8cQf1EFoKlkbkKRz5V,ambient,By the Wall,Tomáš Dvořák,Machinarium Soundtrack,https://i.scdn.co/image/ab67616d0000b273dd0ef93e4a39e112fae7a2b1,2012-01-31,https://p.scdn.co/mp3-preview/44d0c3eaf25edcbe4efe56803b89a8e8d6fa9422?cid=025b3fc46b48490c9d2b54cbf1d12888,https://open.spotify.com/track/2zbt8cQf1EFoKlkbkKRz5V,0.553,0.0673,0.174,0.883,0.111,-20.386,0.0429,60.248,0.032,Sleepy
2pN0C4dICHk5z2KRS3c66l,ambient,Sea,Patrick O'Hearn,Transitions,https://i.scdn.co/image/ab67616d0000b2731f17fa8032fa3497b477be8e,2011-08-23,https://p.scdn.co/mp3-preview/124c52cbc7f538ad6524e30b8a7d6c3ddff4462a?cid=025b3fc46b48490c9d2b54cbf1d12888,https://open.spotify.com/track/2pN0C4dICHk5z2KRS3c66l,0.889,0.0602,0.0942,0.806,0.0783,-22.041,0.0437,63.052,0.0361,Sleepy
50mL6pbI0uI6YX1xbSer7g,ambient,Deep Blue Day - Remastered 2005,Brian Eno,Apollo,https://i.scdn.co/image/ab67616d0000b273f2b52822fe54084cf07bfe02,1983-07-01,,https://open.spotify.com/track/50mL6pbI0uI6YX1xbSer7g,0.817,0.189,0.343,0.916,0.0924,-20.314,0.0453,141.659,0.0834,Sleepy
0TRq2ogAfvdVXKnZ6yvv9O,ambient,Nightfalls,Hecq,Night Falls,https://i.scdn.co/image/ab67616d0000b273635c8d52c211320ad6ddb25c,2008-04-18,,https://open.spotify.com/track/0TRq2ogAfvdVXKnZ6yvv9O,0.797,0.147,0.0979,0.935,0.0788,-22.11,0.0486,82.203,0.028,Sleepy
4Lqj6y9e1JgKlYTfGOPp0Y,ambient,Close Forever Watching,Deaf Center,Owl Splinters,https://i.scdn.co/image/ab67616d0000b2732b6e0e9d8da9514454ff11e9,2011-02-14,https://p.scdn.co/mp3-preview/4a60673780267ba249a9cfdaa70d2e582b14886c?cid=025b3fc46b48490c9d2b54cbf1d12888,https://open.spotify.com/track/4Lqj6y9e1JgKlYTfGOPp0Y,0.114,0.0735,0.117,0.846,0.0902,-16.919,0.0505,80.877,0.0281,Sleepy
14EVReJZayPGrQgQbhw3zG,ambient,A Measured Room - 2005 Digital Remaster,Brian Eno,Music For Films,https://i.scdn.co/image/ab67616d0000b273ef416c214c08a1e5bd35420d,1978-09-01,,https://open.spotify.com/track/14EVReJZayPGrQgQbhw3zG,0.731,0.381,0.329,0.911,0.0798,-20.52,0.0361,114.145,0.375,Sleepy
1YN0mPPnVPtLc5PCSjwAqA,ambient,Estuarine,Loscil,Endless Falls,https://i.scdn.co/image/ab67616d0000b27363e43525afb50072240c44f0,2010-03-01,https://p.scdn.co/mp3-preview/0d43b9427b106291d8927094e5fe7ca16fdec065?cid=025b3fc46b48490c9d2b54cbf1d12888,https://open.spotify.com/track/1YN0mPPnVPtLc5PCSjwAqA,0.963,0.294,0.193,0.804,0.115,-25.741,0.0393,109.993,0.0373,Sleepy
6aSIDnecfBOP1oA8jK8lNh,ambient,Inversion,Bersarin Quartett,Bersarin Quartett,https://i.scdn.co/image/ab67616d0000b2733d8c9eee43d785bf1c47d52e,2008,,https://open.spotify.com/track/6aSIDnecfBOP1oA8jK8lNh,0.947,0.0612,0.183,0.959,0.334,-19.287,0.0467,69.74,0.0308,Sleepy
6Uv5cYYxDwVRb8PVHGdXcN,ambient,Final Sunset - 2005 Digital Remaster,Brian Eno,Music For Films,https://i.scdn.co/image/ab67616d0000b273ef416c214c08a1e5bd35420d,1978-09-01,,https://open.spotify.com/track/6Uv5cYYxDwVRb8PVHGdXcN,0.325,0.143,0.174,0.766,0.11,-18.651,0.0569,75.304,0.0372,Sleepy
7JowmOAYpKBfu1L8FZqYxw,ambient,Currents,AES DANA,Perimeters,https://i.scdn.co/image/ab67616d0000b27368797bb813e0571eba987ce1,2011-02-21,,https://open.spotify.com/track/7JowmOAYpKBfu1L8FZqYxw,0.894,0.171,0.0359,0.914,0.0517,-29.759,0.0386,115.147,0.0439,Sleepy
0JY5c8mjhc3kvwsqicxTl7,ambient,Dopamine Clouds Over Craven Cottage,Stars Of The Lid,And Their Refinement of the Decline,https://i.scdn.co/image/ab67616d0000b273d6eb832295ddf386c825fdba,2007-04-02,https://p.scdn.co/mp3-preview/70458e4bf368bf3433f548d07dc06ae69900bae5?cid=025b3fc46b48490c9d2b54cbf1d12888,https://open.spotify.com/track/0JY5c8mjhc3kvwsqicxTl7,0.924,0.146,0.105,0.847,0.148,-20.637,0.0586,142.894,0.0281,Sleepy
0LfRVw2aFyi3wqYcRjFZpx,ambient,"Broken Harbors, Pt. 2",Stars Of The Lid,The Tired Sounds of Stars of the Lid,https://i.scdn.co/image/ab67616d0000b27365ff58390f0b7c44ec4d7aa5,2001-10-01,https://p.scdn.co/mp3-preview/e37503bf0361a6b4db8db86e69083b6304d83429?cid=025b3fc46b48490c9d2b54cbf1d12888,https://open.spotify.com/track/0LfRVw2aFyi3wqYcRjFZpx,0.928,0.164,0.00522,0.865,0.11,-33.134,0.0414,67.328,0.0257,Sleepy
4z7rTkV7hxLkBntVJ9Cnqx,ambient,Sleep Deprivation 1,The Black Dog,Music For Real Airports,https://i.scdn.co/image/ab67616d0000b273204191cfa094a0b780366c0d,2010-04-12,,https://open.spotify.com/track/4z7rTkV7hxLkBntVJ9Cnqx,0.498,0.589,0.0703,0.902,0.111,-29.619,0.0342,111.991,0.337,Sleepy
1iN7lWXB3OPkKTSdsPcaxI,ambient,Mute Angels,Hammock,Departure Songs,https://i.scdn.co/image/ab67616d0000b2736355b1bc9352cb14200ad2fa,2012-10-02,,https://open.spotify.com/track/1iN7lWXB3OPkKTSdsPcaxI,0.704,0.175,0.23,0.947,0.0546,-17.388,0.0483,116.438,0.0376,Sleepy
7aGSZ7otMHlEtdO4T89TAa,ambient,Dis,Hecq,Night Falls,https://i.scdn.co/image/ab67616d0000b273635c8d52c211320ad6ddb25c,2008-04-18,,https://open.spotify.com/track/7aGSZ7otMHlEtdO4T89TAa,0.0438,0.146,0.192,0.89,0.104,-24.775,0.0613,81.242,0.044,Sleepy
18XxXHR2YPCvGEZA2fexUC,ambient,Arecibo,Carbon Based Lifeforms,Twentythree,https://i.scdn.co/image/ab67616d0000b273b3f194e044ffc5a2fa1021d3,2011-08-08,,https://open.spotify.com/track/18XxXHR2YPCvGEZA2fexUC,0.918,0.103,0.326,0.919,0.104,-18.487,0.0405,70.604,0.0709,Sleepy
1L37SbwQb40SvA8hyKicDZ,ambient,Sequor,Sync24,Comfortable Void,https://i.scdn.co/image/ab67616d0000b2730f4ca26dbec22bbf055288b1,2012-06-28,,https://open.spotify.com/track/1L37SbwQb40SvA8hyKicDZ,0.754,0.324,0.252,0.884,0.113,-19.429,0.0319,180.024,0.0313,Sleepy
5jq2F68xBmFdni1nNxBBv7,ambient,I AM You,Hecq,Night Falls,https://i.scdn.co/image/ab67616d0000b273635c8d52c211320ad6ddb25c,2008-04-18,,https://open.spotify.com/track/5jq2F68xBmFdni1nNxBBv7,0.851,0.117,0.313,0.918,0.101,-17.67,0.0483,94.903,0.0341,Sleepy
7e0HabMAjQEYduI1qfYS5r,ambient,Risky Nap Under Blue Tree,Cell,Hanging Masses,https://i.scdn.co/image/ab67616d0000b2730d35f45b372eb6c8dc012f82,2010-01-11,,https://open.spotify.com/track/7e0HabMAjQEYduI1qfYS5r,0.56,0.401,0.186,0.929,0.0821,-23.161,0.0362,99.995,0.0339,Sleepy
0Jc2SfIHv63JNsUZpunh54,ambient,"Solar Sailer - From ""TRON: Legacy""/Score",Daft Punk,TRON: Legacy,https://i.scdn.co/image/ab67616d0000b27366919acb93950333962467f8,2010-12-03,,https://open.spotify.com/track/0Jc2SfIHv63JNsUZpunh54,0.852,0.179,0.167,0.748,0.106,-23.408,0.0394,124.266,0.0399,Sleepy
23IVcgPR97IaIaI2PQAha7,ambient,Circles of Motion,Solar Fields,Movements,https://i.scdn.co/image/ab67616d0000b27335b26ba5fe496741ee857b0c,2009-01-13,,https://open.spotify.com/track/23IVcgPR97IaIaI2PQAha7,0.0197,0.132,0.299,0.705,0.102,-17.453,0.0426,89.303,0.0346,Sleepy
1tzXb0kRm7DA45EUen0TqM,ambient,Endless Falls,Loscil,Endless Falls,https://i.scdn.co/image/ab67616d0000b27363e43525afb50072240c44f0,2010-03-01,https://p.scdn.co/mp3-preview/ddf92de3394ff132de5c6318f985fae84d06692d?cid=025b3fc46b48490c9d2b54cbf1d12888,https://open.spotify.com/track/1tzXb0kRm7DA45EUen0TqM,0.761,0.065,0.172,0.72,0.383,-22.823,0.0412,52.952,0.0357,Sleepy
7GTzB4QUfO0oXfvzwtKBom,ambient,Small Craft on a Milk Sea,"Brian Eno,Jon Hopkins,Leo Abrahams",Small Craft On A Milk Sea,https://i.scdn.co/image/ab67616d0000b273b6dd5b760aa653f737d6252e,2010-11-01,https://p.scdn.co/mp3-preview/ac887a69aaf4d275e67dadfabfce4f46fd5493dc?cid=025b3fc46b48490c9d2b54cbf1d12888,https://open.spotify.com/track/7GTzB4QUfO0oXfvzwtKBom,0.804,0.454,0.234,0.95,0.11,-26.406,0.037,107.975,0.0389,Sleepy
3ewJeyaGOVdzb9xikqyJa9,ambient,Looking Upwards,Benn Jordan,"Pale Blue Dot, A Tribute To Carl Sagan",https://i.scdn.co/image/ab67616d0000b2737d62036145576a6c4e885c44,2008-09-01,https://p.scdn.co/mp3-preview/b31b1104d84805b68d4c190b9c18b8e72f2bc947?cid=025b3fc46b48490c9d2b54cbf1d12888,https://open.spotify.com/track/3ewJeyaGOVdzb9xikqyJa9,0.824,0.233,0.254,0.951,0.288,-21.515,0.0333,103.616,0.117,Sleepy
3ivi15jAUt262SxGC8vQl4,ambient,Calcium Needles,"Brian Eno,Jon Hopkins,Leo Abrahams",Small Craft On A Milk Sea,https://i.scdn.co/image/ab67616d0000b273b6dd5b760aa653f737d6252e,2010-11-01,https://p.scdn.co/mp3-preview/c3d189b7b4f836c6c997f0d6ce8a819d8fb3c446?cid=025b3fc46b48490c9d2b54cbf1d12888,https://open.spotify.com/track/3ivi15jAUt262SxGC8vQl4,0.824,0.171,0.2,0.868,0.125,-20.425,0.0395,140.314,0.0769,Sleepy
6G1lPm5H051kZL5rJHvXEv,ambient,Terrapin,Bonobo,Animal Magic,https://i.scdn.co/image/ab67616d0000b273dcaf8002f79ec69e045319de,2000-07-25,https://p.scdn.co/mp3-preview/4bb0736db9ce8b8972200d170b671d67fa9d6470?cid=025b3fc46b48490c9d2b54cbf1d12888,https://open.spotify.com/track/6G1lPm5H051kZL5rJHvXEv,0.78,0.552,0.328,0.93,0.111,-16.384,0.0346,152.015,0.0396,Sleepy
1J8gbb9DQSuakltxpmzJAO,ambient,Distances,H.U.V.A. Network,Distances,https://i.scdn.co/image/ab67616d0000b27301a1cd83248338ecb42aa8a4,2004-03-01,,https://open.spotify.com/track/1J8gbb9DQSuakltxpmzJAO,0.951,0.597,0.228,0.934,0.0796,-24.343,0.0343,100.029,0.227,Sleepy
2kFvFeOcF299uiOJlP7at5,ambient,Low Roar,Low Roar,Low Roar,https://i.scdn.co/image/ab67616d0000b273b1965951dee18853169633de,2011,,https://open.spotify.com/track/2kFvFeOcF299uiOJlP7at5,0.659,0.136,0.154,0.829,0.0869,-15.76,0.0466,73.493,0.0383,Sleepy
2Uy2p6tkVLj6vaVznKpNCs,ambient,"Articulate Silences, Pt. 1",Stars Of The Lid,And Their Refinement of the Decline,https://i.scdn.co/image/ab67616d0000b273d6eb832295ddf386c825fdba,2007-04-02,https://p.scdn.co/mp3-preview/2db29a24e899a5d2155a7984c973f733fe368b45?cid=025b3fc46b48490c9d2b54cbf1d12888,https://open.spotify.com/track/2Uy2p6tkVLj6vaVznKpNCs,0.99,0.147,0.0865,0.909,0.0774,-25.095,0.0477,140.612,0.032,Sleepy
5v3Scb0VZlW92iJvdefw9Q,ambient,Access To The Long Fields,H.U.V.A. Network,Distances,https://i.scdn.co/image/ab67616d0000b27301a1cd83248338ecb42aa8a4,2004-03-01,,https://open.spotify.com/track/5v3Scb0VZlW92iJvdefw9Q,0.879,0.209,0.155,0.869,0.116,-24.876,0.0388,154.087,0.0687,Sleepy
3szv1wBCcMXFx7GdPNm721,ambient,The Last Door,Brian Eno,More Music For Films,https://i.scdn.co/image/ab67616d0000b273d6d8ea861b1194b6ae3c28eb,1983-11-01,,https://open.spotify.com/track/3szv1wBCcMXFx7GdPNm721,0.482,0.29,0.0676,0.704,0.12,-30.397,0.0454,122.584,0.0632,Sleepy
5C0DGc7M86XqwMRPeusb8r,ambient,Ice Floes In Eden,Harold Budd,Lovely Thunder,https://i.scdn.co/image/ab67616d0000b273ff89037b67738fa04ea14952,1986,,https://open.spotify.com/track/5C0DGc7M86XqwMRPeusb8r,0.978,0.131,0.00622,0.948,0.121,-32.65,0.0413,74.941,0.0363,Sleepy
0MSEhfQE0256xTKHtaNkXB,ambient,Startoucher,Biosphere,Patashnik,https://i.scdn.co/image/ab67616d0000b27395960ec153dfdb3c9a5fa267,1994-01-01,https://p.scdn.co/mp3-preview/11cdab8627223375cc1e7c2cdfc356d85a27b551?cid=025b3fc46b48490c9d2b54cbf1d12888,https://open.spotify.com/track/0MSEhfQE0256xTKHtaNkXB,0.481,0.143,0.136,0.818,0.107,-24.691,0.0449,81.162,0.108,Sleepy
7g3bsmAi5FCf68xWXWtzeh,ambient,At First Touch,The Sight Below,Glider (Deluxe Version),https://i.scdn.co/image/ab67616d0000b273cb73430a3f8cf28827b83f2e,2011-07-19,,https://open.spotify.com/track/7g3bsmAi5FCf68xWXWtzeh,0.763,0.645,0.16,0.908,0.105,-23.664,0.073,127.001,0.603,Sleepy
60INvemo2VdXUU5YOZfFTP,ambient,Somnus,Rhian Sheehan,Stories From Elsewhere,https://i.scdn.co/image/ab67616d0000b2732b9552145da4ae4b2b9d470a,2013-02-26,,https://open.spotify.com/track/60INvemo2VdXUU5YOZfFTP,0.514,0.12,0.283,0.832,0.113,-16.579,0.0441,76.845,0.0469,Sleepy
3Nm3Q5nfYvY2nucKktVby2,black-metal,Tunnel of Set XVII,1349,Demonoir,https://i.scdn.co/image/ab67616d0000b273b46e3013d078d2d884310a5a,2010-04-26,,https://open.spotify.com/track/3Nm3Q5nfYvY2nucKktVby2,0.527,0.0779,0.0772,0.833,0.101,-18.312,0.0428,83.595,0.0397,Sleepy
0CSnzEZnVddmquNlVrdjTD,black-metal,Into Infinite Obscurity,Dissection,The Somberlain (Ultimate Reissue),https://i.scdn.co/image/ab67616d0000b273b057aedbd944c0f4405c676c,1993,,https://open.spotify.com/track/0CSnzEZnVddmquNlVrdjTD,0.933,0.554,0.157,0.917,0.0896,-21.015,0.0696,101.601,0.741,Sleepy
0DJo5uG2zdfmtgTFQYLjYK,bossanova,Coração Vagabundo,Gal Costa,Brazil A Todo Vapor,https://i.scdn.co/image/ab67616d0000b2731b31f9a649cb1e365684f182,2011-08-01,https://p.scdn.co/mp3-preview/2a42133566fa5ab277d24a3c4d3a5ed8c23e5753?cid=025b3fc46b48490c9d2b54cbf1d12888,https://open.spotify.com/track/0DJo5uG2zdfmtgTFQYLjYK,0.899,0.399,0.0378,0.131,0.538,-24.7,0.0821,73.801,0.292,Sleepy
5sanom0yL4NAd26HvShw7r,bossanova,Close to you,Bebel Gilberto,Momento,https://i.scdn.co/image/ab67616d0000b273909264eedb831d7cf43051a1,2007-07-01,,https://open.spotify.com/track/5sanom0yL4NAd26HvShw7r,0.923,0.429,0.353,0.703,0.0897,-19.372,0.118,163.845,0.26,Sleepy
3bJjYmanLTAVOAKx4RMyGV,children,"The North Mountain - From ""Frozen""/Score",Christophe Beck,Frozen (Original Motion Picture Soundtrack / Deluxe Edition),https://i.scdn.co/image/ab67616d0000b2734b1899123e484c034e31164e,2013-01-01,,https://open.spotify.com/track/3bJjYmanLTAVOAKx4RMyGV,0.979,0.238,0.058,0.678,0.122,-24.71,0.0465,115.687,0.0331,Sleepy
7MbxGGDNm263tewNLbe3w8,children,"Treason - From ""Frozen""/Score",Christophe Beck,Frozen (Original Motion Picture Soundtrack / Deluxe Edition),https://i.scdn.co/image/ab67616d0000b2734b1899123e484c034e31164e,2013-01-01,,https://open.spotify.com/track/7MbxGGDNm263tewNLbe3w8,0.732,0.177,0.108,0.942,0.126,-17.971,0.0428,132.591,0.0354,Sleepy
0HFjkbNO3zNliDAfQf61th,classical,"Concerto for Orchestra, BB 123: I. Introduzione: Andante non troppo - Allegro vivace","Béla Bartók,Baltimore Symphony Orchestra,Marin Alsop","Bartók: Concerto for Orchestra - Music for Strings, Percussion & Celesta",https://i.scdn.co/image/ab67616d0000b27397766a30a45c565f8efa8e78,2012-05-01,https://p.scdn.co/mp3-preview/79c68f909b3ec30661f9459840c3bce3831ecc8b?cid=025b3fc46b48490c9d2b54cbf1d12888,https://open.spotify.com/track/0HFjkbNO3zNliDAfQf61th,0.91,0.161,0.036,0.809,0.113,-24.98,0.0412,92.705,0.0384,Sleepy
6kdDZ23tGL1g5cr1RjBlhj,classical,"Symphony No.2 in C minor - ""Resurrection"": 5d. ""Aufersteh'n, ja aufersteh'n wirst du"" (Langsam. Misterioso) - ""Auferstehung""","Gustav Mahler,Ileana Cotrubas,Vienna State Opera Chorus,Wiener Philharmoniker,Zubin Mehta",Gustav Mahler Edition,https://i.scdn.co/image/ab67616d0000b273c069294834da78ab5e91e896,2010-01-01,,https://open.spotify.com/track/6kdDZ23tGL1g5cr1RjBlhj,0.971,0.0613,0.0313,0.527,0.149,-29.613,0.0442,67.25,0.0348,Sleepy
252wJ7a1gTi59YZCDYiKu0,classical,Symphony No. 8: I. Allegro moderato,"Anton Bruckner,New York Philharmonic,Alan Gilbert",Bruckner: Symphony No. 8,https://i.scdn.co/image/ab67616d0000b273fdf2d73de784907a3863aa0e,2015-06-15,https://p.scdn.co/mp3-preview/bfed1a712235b13a6b99f72044f535929e989864?cid=025b3fc46b48490c9d2b54cbf1d12888,https://open.spotify.com/track/252wJ7a1gTi59YZCDYiKu0,0.901,0.0809,0.0863,0.75,0.121,-20.368,0.0438,62.945,0.0361,Sleepy
0dBeZNIXFp3P5RnNQGEu2x,classical,Fantasia on Greensleeves,"Ralph Vaughan Williams,Leonard Bernstein,New York Philharmonic",Romantic Favorites for Strings (Expanded Edition),https://i.scdn.co/image/ab67616d0000b273cb4644852f97e92bd9f0e676,1964,https://p.scdn.co/mp3-preview/bf724bde57d2c708c726e017f484c99b3e4e451b?cid=025b3fc46b48490c9d2b54cbf1d12888,https://open.spotify.com/track/0dBeZNIXFp3P5RnNQGEu2x,0.837,0.136,0.0868,0.506,0.0935,-24.806,0.0393,99.648,0.0962,Sleepy
2dVMQ0MWkOspUA2pLNaag2,classical,The Candlelight Vigil,Jóhann Jóhannsson,Prisoners (Original Motion Picture Soundtrack),https://i.scdn.co/image/ab67616d0000b2730341025734052bc0a025f427,2013-09-09,,https://open.spotify.com/track/2dVMQ0MWkOspUA2pLNaag2,0.443,0.0856,0.0613,0.682,0.0902,-23.105,0.0448,74.541,0.0314,Sleepy
39ixK8F8e3D18AYEXtIYFZ,classical,"Ellen's Gesang III (Ave Maria!), Op. 56, No. 6, D. 839, ""Hymne An Die Jungfrau""","Ingrid Kertesi,Camerata De Budapest,Franz Schubert,Walter Scott",Ave Maria (Sacred Arias And Choruses),https://i.scdn.co/image/ab67616d0000b273af9ce137293e0e7d2209e091,1997-03-13,https://p.scdn.co/mp3-preview/5e799f9d0d2e5ea94efe646ad5d1523f79339129?cid=025b3fc46b48490c9d2b54cbf1d12888,https://open.spotify.com/track/39ixK8F8e3D18AYEXtIYFZ,0.988,0.135,0.135,0.804,0.0876,-18.436,0.0447,84.298,0.0378,Sleepy
37TBjwOpcQIo9IhScN3XhL,classical,Ensemble for String Quintet and Thunder Sticks (1956 version): I. Larghetto,"Henry Cowell,Northwest Chamber Orchestra Seattle,Alun Francis",Cowell: Music for Strings,https://i.scdn.co/image/ab67616d0000b273d70d80953428790b57f0918b,2013-07-01,https://p.scdn.co/mp3-preview/d87e76225ccac1e24688b8343e36b3213fafb440?cid=025b3fc46b48490c9d2b54cbf1d12888,https://open.spotify.com/track/37TBjwOpcQIo9IhScN3XhL,0.896,0.153,0.0443,0.865,0.353,-21.68,0.0411,85.317,0.0276,Sleepy
1VcGL267AesH4UouorKhsE,classical,"Symphony No 2, Op. 38 ""Mesopotamia"": X.Ballad of Mesopotamia","Fazıl Say,Carolina Eyck,Çağatay Akyol,Bülent Evcil,Gürer Aykal,Borusan Istanbul Philharmonic Orchestra",Mesopotamia Symphony - Universe Symphony,https://i.scdn.co/image/ab67616d0000b273fe272db7abd75ecd47893933,2013-11-25,,https://open.spotify.com/track/1VcGL267AesH4UouorKhsE,0.914,0.132,0.264,0.576,0.656,-20.499,0.0682,68.734,0.0697,Sleepy
0QhS1nUm7KHdR4fCLWorbR,classical,Concerto for Viola & Orchestra: I. Andante comodo,"William Walton,Yuri Bashmet,André Previn",Walton: Viola Concerto / Bruch: Concerto for Violin & Viola,https://i.scdn.co/image/ab67616d0000b273e9bba195794a04e4ee865d0e,1990-01-01,https://p.scdn.co/mp3-preview/04936b926440f6d095e26efc05355a89fbf04be6?cid=025b3fc46b48490c9d2b54cbf1d12888,https://open.spotify.com/track/0QhS1nUm7KHdR4fCLWorbR,0.955,0.134,0.0417,0.651,0.09,-30.472,0.0435,87.115,0.0575,Sleepy
4P1sbofnneFeEEASTFMEGl,classical,Main Title,James Horner,Braveheart - Original Motion Picture Soundtrack,https://i.scdn.co/image/ab67616d0000b2731061524b7fe4e944c74173eb,1995-01-01,,https://open.spotify.com/track/4P1sbofnneFeEEASTFMEGl,0.8,0.0838,0.0164,0.942,0.0847,-37.033,0.0504,168.828,0.0375,Sleepy
1Org5XClvfulvp1mrLUQuT,classical,"Symphonie fantastique, Op. 14: IV. Marche au supplice","Hector Berlioz,London Symphony Orchestra",Berlioz: Symphonie fantastique,https://i.scdn.co/image/ab67616d0000b273b630d4fee1dea5f20be5ba5a,2001-01-01,,https://open.spotify.com/track/1Org5XClvfulvp1mrLUQuT,0.87,0.361,0.0765,0.909,0.107,-24.765,0.035,77.039,0.285,Sleepy
2n4qxtA4E5aUz3JPa0ny9o,classical,"Symphony No. 7, ""Angel of Light"": III. Come un sogno","Einojuhani Rautavaara,Royal Scottish National Orchestra,Hannu Koivula",Mystic Classics - Visionary Choral and Orchestral Masterpieces,https://i.scdn.co/image/ab67616d0000b273c927489cbd0bcbd943090220,2007-01-01,https://p.scdn.co/mp3-preview/279869b07650016f9d614464eb0249124cc80422?cid=025b3fc46b48490c9d2b54cbf1d12888,https://open.spotify.com/track/2n4qxtA4E5aUz3JPa0ny9o,0.927,0.0742,0.0363,0.777,0.0684,-31.432,0.0431,78.927,0.0278,Sleepy
1QmhkjuUlosROqKk59sBSK,classical,Opening,"Philip Glass,Bruce Brubaker",Hope Street Tunnel Blues: Music for Piano By Philip Glass and Alvin Curran,https://i.scdn.co/image/37bedea9d7a2d984ea0017b66725dadb4d89803d,2007-07-16,https://p.scdn.co/mp3-preview/269d632dee257d98ff21aafae20df5548cf5ced3?cid=025b3fc46b48490c9d2b54cbf1d12888,https://open.spotify.com/track/1QmhkjuUlosROqKk59sBSK,0.996,0.179,0.026,0.89,0.0836,-30.937,0.0385,77.116,0.068,Sleepy
1lIcdDpGlc2mO2LYA0f5KM,classical,"The Fellowship Reunited (feat. Sir James Galway, Viggo Mortensen and Renée Fleming)",Howard Shore,The Lord of the Rings - The Return of the King - The Complete Recordings (Limited Edition),https://i.scdn.co/image/ab67616d0000b2732b4d071f7824b2c60c3b85cd,2003-11-24,https://p.scdn.co/mp3-preview/ee853f7bb3b85390af3cad2b73db738f7bb60d82?cid=025b3fc46b48490c9d2b54cbf1d12888,https://open.spotify.com/track/1lIcdDpGlc2mO2LYA0f5KM,0.941,0.137,0.0625,0.926,0.277,-22.77,0.04,87.682,0.0365,Sleepy
77KZcZx8aAv2qOCBkLB7zP,classical,Romance in F Major,"Richard Strauss,Benedict Kloeckner,José Gallardo","Strauss, Poulenc, & Rihm: Werke für Violoncello und Klavier (Movimentos Edition)",https://i.scdn.co/image/ab67616d0000b273ed90004ac53ed15733a34bc2,2014-04-29,https://p.scdn.co/mp3-preview/7bedc87965bfb607f99deed0e0aa635ac1300c59?cid=025b3fc46b48490c9d2b54cbf1d12888,https://open.spotify.com/track/77KZcZx8aAv2qOCBkLB7zP,0.989,0.171,0.0332,0.898,0.0836,-25.436,0.0436,87.778,0.0392,Sleepy
2r2hR9gGMdusndlRzhM0cc,classical,Colonial Song,"Percy Grainger,Slovak Radio Symphony Orchestra",Percy Grainger: The Power Of Love,https://i.scdn.co/image/ab67616d0000b273acefae829824525140090a26,1998-04-17,https://p.scdn.co/mp3-preview/87df80840c53d4b99d12de618f375dc4ccad207e?cid=025b3fc46b48490c9d2b54cbf1d12888,https://open.spotify.com/track/2r2hR9gGMdusndlRzhM0cc,0.938,0.0672,0.0662,0.903,0.112,-23.601,0.0398,71.831,0.0445,Sleepy
6fvu2d6gHAdiNCMco4lTxK,classical,Passion Week: Of Your Mystical Supper,"Maximilian Steinberg,Cappella Romana,Alexander Lingas",Steinberg: Passion Week,https://i.scdn.co/image/ab67616d0000b27353533c8e49062c859a251f6f,2015-03-24,,https://open.spotify.com/track/6fvu2d6gHAdiNCMco4lTxK,0.994,0.0677,0.0581,0.567,0.117,-25.662,0.0402,73.509,0.0372,Sleepy
6ZrsSJiyETgzmYMrw9tu5G,classical,"Tristan und Isolde, WWV 90: Act I: Prelude","Richard Wagner,Stephen Gould,Nina Stemme,Kwangchul Youn,Johan Reuter,Michelle Breedt,Simon Pauly,Clemens Bieber,Arttu Kataja,Timothy Fallon,Rundfunkchor Berlin,Berlin Radio Symphony Orchestra,Marek Janowski",Wagner: Tristan und Isolde,https://i.scdn.co/image/ab67616d0000b273bff4e45d80be2067673528e0,2012-10-02,https://p.scdn.co/mp3-preview/0cf7640d28d1cf7b2ec3a50483710db9bc2d479e?cid=025b3fc46b48490c9d2b54cbf1d12888,https://open.spotify.com/track/6ZrsSJiyETgzmYMrw9tu5G,0.945,0.0862,0.0513,0.805,0.285,-23.799,0.0406,84.991,0.028,Sleepy
4crt0YfhobrACFanvo5ECU,classical,"Symphony No. 10 'Alla ricerca di Borromini', Op. 327: I. Adagio","Peter Maxwell Davies,London Symphony Orchestra,Antonio Pappano",Sir Peter Maxwell Davies: Symphony No. 10,https://i.scdn.co/image/ab67616d0000b273273383adff025e1ed3fd4ede,2014-09-08,,https://open.spotify.com/track/4crt0YfhobrACFanvo5ECU,0.912,0.0865,0.0491,0.594,0.0969,-27.372,0.0391,85.214,0.0314,Sleepy
5kSZceAL0NkkWeDNEgC14b,classical,"Music for Strings, Percussion and Celesta, Sz. 106, BB 114: II. Allegro con grazia","Béla Bartók,Fritz Reiner,Chicago Symphony Orchestra","Bartok: Concerto for Orchestra; Music for Strings, Percussion & Celesta; Hungarian Sketches",https://i.scdn.co/image/ab67616d0000b2737839bed53ee64f0d948324f0,2004,https://p.scdn.co/mp3-preview/fbb8e6097175205852061ad8f4457ffb1a2a435e?cid=025b3fc46b48490c9d2b54cbf1d12888,https://open.spotify.com/track/5kSZceAL0NkkWeDNEgC14b,0.95,0.365,0.267,0.911,0.0997,-19.059,0.0454,154.74,0.32,Sleepy
5grzlt83cKal2JPOiGeeuv,classical,Brigg Fair,"Frederick Delius,Boston Pops Orchestra,John Williams",Pops Britannia,https://i.scdn.co/image/ab67616d0000b273c88cf1a072218505402e441f,1989-01-01,,https://open.spotify.com/track/5grzlt83cKal2JPOiGeeuv,0.972,0.111,0.0306,0.924,0.228,-23.118,0.0403,79.186,0.0374,Sleepy
3BO3R8SLyb9cfSCgk1kXUl,classical,Happiness,"Jónsi,Alex Somers",Riceboy Sleeps,https://i.scdn.co/image/ab67616d0000b2730280b3b8eba6170acb740017,2009-07-21,,https://open.spotify.com/track/3BO3R8SLyb9cfSCgk1kXUl,0.867,0.147,0.247,0.971,0.0903,-16.216,0.0387,138.457,0.0384,Sleepy
6O7Et1ArYoS9nOKwRjK3Oq,classical,"Main Theme (From ""Schindler's List"")","Itzhak Perlman,John Williams",John Williams - Greatest Hits 1969-1999,https://i.scdn.co/image/ab67616d0000b273d0c7cbba6cde3790b4f0026d,1970,https://p.scdn.co/mp3-preview/6e68813698cf1d84595d82b11854fbb4d35c519b?cid=025b3fc46b48490c9d2b54cbf1d12888,https://open.spotify.com/track/6O7Et1ArYoS9nOKwRjK3Oq,0.946,0.176,0.106,0.598,0.0858,-25.103,0.0459,107.057,0.111,Sleepy
3ytUgxZj1EYHb8zlk5VKk6,classical,Steep Hills of Vicodin Tears,A Winged Victory for the Sullen,A Winged Victory for the Sullen,https://i.scdn.co/image/ab67616d0000b2739df0943f217d265ed44259a9,2011-09-12,https://p.scdn.co/mp3-preview/790d116821c4954a5bec715fd376ead679805ada?cid=025b3fc46b48490c9d2b54cbf1d12888,https://open.spotify.com/track/3ytUgxZj1EYHb8zlk5VKk6,0.767,0.0804,0.0836,0.853,0.119,-21.007,0.04,82.14,0.0498,Sleepy
03xxnNXmK7lJjW9hV2ldn8,classical,Coppelia: Act I - Valse,"Léo Delibes,Slovak Radio Symphony Orchestra,Andrew Mogrelia",Delibes: Coppelia (Complete Ballet) / La Source Suites,https://i.scdn.co/image/ab67616d0000b273ad6daccabbf500a1fb84c1f4,1995-12-13,https://p.scdn.co/mp3-preview/1fd8eadf26e03bf274ae53c7a8cf66fb3062fbc2?cid=025b3fc46b48490c9d2b54cbf1d12888,https://open.spotify.com/track/03xxnNXmK7lJjW9hV2ldn8,0.901,0.198,0.0313,0.866,0.0924,-26.69,0.0419,88.813,0.189,Sleepy
1ZNlk8aE9BhgCxTlm53KAX,classical,Florida Suite: Florida: II. By the River,Various Artists,Greensleeves - English Pastoral Music,https://i.scdn.co/image/ab67616d0000b2732a2d70e0f0bd8da8663d3b57,2000-01-01,https://p.scdn.co/mp3-preview/c0929147c849fe12c4e635f187a81d39d94108ad?cid=025b3fc46b48490c9d2b54cbf1d12888,https://open.spotify.com/track/1ZNlk8aE9BhgCxTlm53KAX,0.929,0.0883,0.0624,0.957,0.0739,-26.789,0.0387,70.953,0.044,Sleepy
2UEer5v08SeaipCQuO4QNb,classical,"Piano Sonata No.20 In A Major, D.959: 4. Rondo (Allegretto)","Franz Schubert,Radu Lupu",Schubert: Piano Sonatas in A major; A minor; E major,https://i.scdn.co/image/ab67616d0000b273bfd44e45b62bbdbaa1553803,1991-01-01,,https://open.spotify.com/track/2UEer5v08SeaipCQuO4QNb,0.974,0.213,0.0926,0.92,0.0749,-22.559,0.0393,74.481,0.124,Sleepy
0itndpPjxQrWj1mDENoKmG,classical,The Green Mile,Thomas Newman,The Green Mile (Original Motion Picture Soundtrack),https://i.scdn.co/image/ab67616d0000b2739200b7c17c6c504e90ed23e3,1999-12-21,https://p.scdn.co/mp3-preview/6bac81723e3e48ca6c04c29915b785fc322bfffc?cid=025b3fc46b48490c9d2b54cbf1d12888,https://open.spotify.com/track/0itndpPjxQrWj1mDENoKmG,0.536,0.161,0.187,0.922,0.167,-20.702,0.0402,109.229,0.0394,Sleepy
1FycPgMDd5NkVV0zzbxGyN,classical,"Elgar: Cello Concerto in E Minor, Op. 85: I. Adagio - Moderato","Edward Elgar,Sir John Barbirolli,London Symphony Orchestra",Essential 20th Century Classics,https://i.scdn.co/image/ab67616d0000b273503f1736ec4fb86c03a1c64e,2013-01-11,,https://open.spotify.com/track/1FycPgMDd5NkVV0zzbxGyN,0.954,0.092,0.114,0.541,0.122,-21.167,0.0442,84.632,0.0407,Sleepy
2vDKztfuyYFAVNgNEVGSGo,death-metal,Melting,Morbid Angel,Domination,https://i.scdn.co/image/ab67616d0000b27381abe04577e55ab5bc30bd09,1995,https://p.scdn.co/mp3-preview/4f0c77200c11f3fb634efab2a9ca4810764e7a09?cid=025b3fc46b48490c9d2b54cbf1d12888,https://open.spotify.com/track/2vDKztfuyYFAVNgNEVGSGo,0.0481,0.429,0.392,0.811,0.117,-22.542,0.0318,97.134,0.158,Sleepy
4Y8GVQsg5f29qi8vQiWYdQ,detroit-techno,Xscape,Delano Smith,Delano Smith The Collection,https://i.scdn.co/image/ab67616d0000b273afcce4653faf9c07d6720553,2013-02-26,https://p.scdn.co/mp3-preview/dc4b985e86d241c4f0f6ddd14ea64c424b1d9149?cid=025b3fc46b48490c9d2b54cbf1d12888,https://open.spotify.com/track/4Y8GVQsg5f29qi8vQiWYdQ,0.504,0.874,0.356,0.929,0.0965,-17.588,0.143,123.999,0.159,Sleepy
16SSMmF8U03Q1VlI7Gwqsp,detroit-techno,Dreamland,Carl Craig,Agenda 21 An Eevo Lute Compilation,https://i.scdn.co/image/ab67616d0000b2738bba803f7dbd5de09f871882,1993-09-01,,https://open.spotify.com/track/16SSMmF8U03Q1VlI7Gwqsp,0.032,0.574,0.486,0.895,0.0948,-17.63,0.0357,125.057,0.173,Sleepy
2OwhWt8GdtpXKHGLVA9VBh,detroit-techno,Glow,Deepchord,Sommer,https://i.scdn.co/image/ab67616d0000b2735900f00fe759377ef89d4973,2012-08-27,,https://open.spotify.com/track/2OwhWt8GdtpXKHGLVA9VBh,0.00309,0.528,0.51,0.904,0.11,-18.626,0.0387,123.997,0.109,Sleepy
02CsGh9FUK0wptafmpXDpm,detroit-techno,Entrance To The Garden,Moodymann,Silence In The Secret Garden,https://i.scdn.co/image/ab67616d0000b273a590d768731d01f303c7eada,2003-02-06,https://p.scdn.co/mp3-preview/bca5165c3577a1efd1b7fc19ca2205a30cf3f878?cid=025b3fc46b48490c9d2b54cbf1d12888,https://open.spotify.com/track/02CsGh9FUK0wptafmpXDpm,0.474,0.571,0.502,0.929,0.169,-19.962,0.0867,124.586,0.179,Sleepy
3uut6RoInASDdImveUMctu,detroit-techno,Stars,Deepchord,Hash-Bar Loops,https://i.scdn.co/image/ab67616d0000b2735bc648c5635e90f577ce3a64,2011-06-27,,https://open.spotify.com/track/3uut6RoInASDdImveUMctu,0.921,0.188,0.34,0.568,0.36,-18.976,0.0656,94.004,0.0725,Sleepy
4ONHNGWHKQal2M0QQc5p0F,detroit-techno,Ping Pong,Plastikman,Closer,https://i.scdn.co/image/ab67616d0000b27306a692f53f20ea5345e23c66,2003-10-20,,https://open.spotify.com/track/4ONHNGWHKQal2M0QQc5p0F,0.667,0.802,0.5,0.971,0.0975,-22.052,0.0563,127.996,0.0339,Sleepy
2mNNgxugOUCRas6iMrWhlK,detroit-techno,Clear & Present,Paperclip People,Sessions,https://i.scdn.co/image/ab67616d0000b2739797baca7a17e0a2a549ec95,2008-02-26,,https://open.spotify.com/track/2mNNgxugOUCRas6iMrWhlK,0.000239,0.627,0.259,0.942,0.104,-20.639,0.0443,129.032,0.215,Sleepy
4D7qjCFBUSleoTGevgVZxn,disney,The Burned-Out Village,"Jerry Goldsmith,Disney",Mulan (Original Soundtrack),https://i.scdn.co/image/ab67616d0000b27388781d268ea3b5a35518eecc,1998-01-01,,https://open.spotify.com/track/4D7qjCFBUSleoTGevgVZxn,0.529,0.0712,0.0621,0.937,0.157,-25.276,0.0428,67.8,0.0376,Sleepy
58AmvzP72zr3sMTGPbC173,disney,"I Am Merida - From ""Brave""/Score",Patrick Doyle,Brave,https://i.scdn.co/image/ab67616d0000b2738ce48a7507eab97d87c70687,2012-01-01,,https://open.spotify.com/track/58AmvzP72zr3sMTGPbC173,0.44,0.275,0.0323,0.835,0.101,-25.03,0.0359,111.799,0.0386,Sleepy
7x72xGe8DCzJpPWAhqbAGH,disney,Scum Angel,Thomas Newman,Finding Nemo (Original Motion Picture Soundtrack),https://i.scdn.co/image/ab67616d0000b273f4ec232d7d33361b10babd8e,2003-05-20,,https://open.spotify.com/track/7x72xGe8DCzJpPWAhqbAGH,0.781,0.298,0.0828,0.805,0.109,-24.999,0.0414,123.077,0.0827,Sleepy
7mmB3hzmswPL0pbjZvzgMu,disney,"Only An Act of True Love - From ""Frozen""/Score",Christophe Beck,Frozen (Original Motion Picture Soundtrack / Deluxe Edition),https://i.scdn.co/image/ab67616d0000b2734b1899123e484c034e31164e,2013-01-01,,https://open.spotify.com/track/7mmB3hzmswPL0pbjZvzgMu,0.959,0.25,0.154,0.787,0.198,-21.097,0.0446,77.555,0.0395,Sleepy
2mFtSAQuaBi1MYdv3VlB21,disney,The Kiss,"Alan Menken,Disney",Aladdin: Special Edition Soundtrack,https://i.scdn.co/image/ab67616d0000b273e1776feea9ad1685fc34cd60,2004-01-01,,https://open.spotify.com/track/2mFtSAQuaBi1MYdv3VlB21,0.865,0.106,0.0662,0.812,0.0684,-26.685,0.0473,171.121,0.104,Sleepy
1DEanVdWieUg3VoQtTZuwG,disney,"Awakes as a Bear - From ""Brother Bear""/Score","Phil Collins,Mark Mancina",Brother Bear,https://i.scdn.co/image/ab67616d0000b273eb02d5af28b4cbed922cb2ea,2003-01-01,,https://open.spotify.com/track/1DEanVdWieUg3VoQtTZuwG,0.931,0.124,0.0812,0.803,0.0609,-18.887,0.0439,63.57,0.0361,Sleepy
7wK5xk5briugI3gFVSZWTW,disney,"The Witch's Cottage - From ""Brave""/Score",Patrick Doyle,Brave,https://i.scdn.co/image/ab67616d0000b2738ce48a7507eab97d87c70687,2012-01-01,,https://open.spotify.com/track/7wK5xk5briugI3gFVSZWTW,0.82,0.271,0.0888,0.77,0.0741,-20.929,0.0429,119.281,0.0335,Sleepy
0Jv64Jfxs7tRyKyj8jzAST,disney,Fishing Grounds,Thomas Newman,Finding Nemo (Original Motion Picture Soundtrack),https://i.scdn.co/image/ab67616d0000b273f4ec232d7d33361b10babd8e,2003-05-20,,https://open.spotify.com/track/0Jv64Jfxs7tRyKyj8jzAST,0.952,0.248,0.125,0.967,0.107,-18.847,0.0341,52.184,0.0497,Sleepy
1QJhOXsWekCYPQYA2qnqFM,disney,To the Rescue,"Leigh Harline,Paul J. Smith",Pinocchio,https://i.scdn.co/image/ab67616d0000b27350f9a2e8f1102e1f5a76d369,1992-01-01,,https://open.spotify.com/track/1QJhOXsWekCYPQYA2qnqFM,0.969,0.427,0.141,0.781,0.122,-15.423,0.0661,119.455,0.125,Sleepy
1fbOEJ5aknok8FwdPNOgXp,disney,Talk To Jessie,Randy Newman,Toy Story 2,https://i.scdn.co/image/ab67616d0000b273d518170839bb96ea1661f9b4,1999-01-01,,https://open.spotify.com/track/1fbOEJ5aknok8FwdPNOgXp,0.83,0.168,0.109,0.944,0.197,-23.236,0.0448,113.728,0.0358,Sleepy
7jSQaXLzpLHjSQTev2krvT,disney,Nemo Egg (Main Title),Thomas Newman,Finding Nemo (Original Motion Picture Soundtrack),https://i.scdn.co/image/ab67616d0000b273f4ec232d7d33361b10babd8e,2003-05-20,,https://open.spotify.com/track/7jSQaXLzpLHjSQTev2krvT,0.98,0.164,0.0248,0.967,0.103,-27.25,0.0462,79.083,0.0553,Sleepy
1xPec5BN0Zxv77zrWKq43S,electro,"The Son of Flynn - From ""TRON: Legacy""/Score",Daft Punk,TRON: Legacy,https://i.scdn.co/image/ab67616d0000b27366919acb93950333962467f8,2010-12-03,,https://open.spotify.com/track/1xPec5BN0Zxv77zrWKq43S,0.901,0.543,0.775,0.902,0.258,-17.616,0.052,106.018,0.0222,Sleepy
1o25vqLcw3JRHgLrGJ3DWY,emo,Pheurton Skeurto,Sunny Day Real Estate,Diary (2009 Edition),https://i.scdn.co/image/ab67616d0000b273c44ebd61d8bd575a9e49825e,1994-05-10,,https://open.spotify.com/track/1o25vqLcw3JRHgLrGJ3DWY,0.807,0.54,0.12,0.804,0.1,-20.905,0.0344,128.447,0.344,Sleepy
4x3ClEEjjbLBfE6MJ5w7f2,goth,At The Gates of Silent Memory,Fields Of The Nephilim,Elizium,https://i.scdn.co/image/ab67616d0000b27332338fef54a17471c9f24eff,1990-09-24,,https://open.spotify.com/track/4x3ClEEjjbLBfE6MJ5w7f2,0.481,0.249,0.303,0.648,0.675,-19.395,0.036,110.076,0.104,Sleepy
3AHRuHNJDNNuVPKFzYWl9Y,grunge,One Minute Of Silence,Soundgarden,Ultramega OK,https://i.scdn.co/image/ab67616d0000b27320ef073fcbfac51013d82aca,1988-10-31,,https://open.spotify.com/track/3AHRuHNJDNNuVPKFzYWl9Y,0.156,0.159,0.332,0.9,0.301,-42.665,0.0784,94.523,0.00524,Sleepy
3ZolgMCrivn3DHoeZjJVIL,hardcore,Dub,Cro-Mags,Before The Quarrel,https://i.scdn.co/image/ab67616d0000b273d5d6eb585292ad59edde6757,2000,https://p.scdn.co/mp3-preview/34146cbd06d73b9ad94156ed13c8e84a05aa9b93?cid=025b3fc46b48490c9d2b54cbf1d12888,https://open.spotify.com/track/3ZolgMCrivn3DHoeZjJVIL,0.593,0.576,0.13,0.857,0.101,-18.409,0.0499,139.431,0.445,Sleepy
5arocQyCU9Gjh70JEbl5J4,holidays,Snowfall,Henry Mancini,The Mancini Touch,https://i.scdn.co/image/ab67616d0000b2739465e678403ef3fbb16f8fde,2013-04-04,https://p.scdn.co/mp3-preview/addff1cab1f69856460084c9da306d5d9a6a93b5?cid=025b3fc46b48490c9d2b54cbf1d12888,https://open.spotify.com/track/5arocQyCU9Gjh70JEbl5J4,0.953,0.192,0.113,0.929,0.108,-19.009,0.0335,67.359,0.278,Sleepy
5qv8UWJENO63cjWZydytvf,holidays,"Silent Night, Holy Night",Johnny Mathis,Silent Night In The Valley,https://i.scdn.co/image/ab67616d0000b273bf7aa862e22ecc64285ab6d2,2012-09-22,,https://open.spotify.com/track/5qv8UWJENO63cjWZydytvf,0.987,0.133,0.121,0.00907,0.082,-23.486,0.0397,175.765,0.167,Sleepy
3szCqL1fRlctNfifpDFBpS,idm,Metteng Excuske v1.2,Squarepusher,Go Plastic,https://i.scdn.co/image/ab67616d0000b2732094a47b6509e90af2758b2e,2001,https://p.scdn.co/mp3-preview/d8734ac377082540d742eda2fb1b428273ea0f42?cid=025b3fc46b48490c9d2b54cbf1d12888,https://open.spotify.com/track/3szCqL1fRlctNfifpDFBpS,0.253,0.13,0.286,0.76,0.0943,-17.674,0.07,82.958,0.0391,Sleepy
6DMqm2q8mW2AfHIGIQoheE,idm,os veix3,Autechre,Oversteps,https://i.scdn.co/image/ab67616d0000b273ad73cac76fd4c2a27ad77fc3,2010-03-22,https://p.scdn.co/mp3-preview/7b8c27f8145452a4a6d9a22e4099a12cfa6120c7?cid=025b3fc46b48490c9d2b54cbf1d12888,https://open.spotify.com/track/6DMqm2q8mW2AfHIGIQoheE,0.776,0.472,0.278,0.929,0.107,-19.231,0.0482,102.158,0.252,Sleepy
3NFvPiE8u70nJymhP17Orx,idm,Ataronchronon,Boards of Canada,The Campfire Headphase,https://i.scdn.co/image/ab67616d0000b27375ea8510776626eb920260c5,2005-10-17,https://p.scdn.co/mp3-preview/ec1b3b2752916e2bbb34d9de6e22757b5732a217?cid=025b3fc46b48490c9d2b54cbf1d12888,https://open.spotify.com/track/3NFvPiE8u70nJymhP17Orx,0.993,0.178,0.114,0.885,0.0598,-29.928,0.0965,178.6,0.0345,Sleepy
7qDXwcBR4SOJ4BSi1JNcdP,idm,Endorphin,Burial,Untrue,https://i.scdn.co/image/ab67616d0000b2736c2e19ba68e459d6c43f4992,2007-11-05,,https://open.spotify.com/track/7qDXwcBR4SOJ4BSi1JNcdP,0.697,0.16,0.293,0.87,0.117,-16.104,0.0624,176.774,0.0389,Sleepy
3BMOJrCCJqZedUwUS0m6NE,idm,Open The Light,Boards of Canada,Music Has The Right To Children,https://i.scdn.co/image/ab67616d0000b2730ddcb1077d30a5ffb59b6864,1998-04-20,https://p.scdn.co/mp3-preview/d275adc66c0aaf35000a80044dfd193042e7deed?cid=025b3fc46b48490c9d2b54cbf1d12888,https://open.spotify.com/track/3BMOJrCCJqZedUwUS0m6NE,0.526,0.221,0.104,0.939,0.116,-25.667,0.0367,106.376,0.0364,Sleepy
42mXsXFra3cdVLoszxUpcd,idm,Circlewave 2,Squarepusher,Hello Everything,https://i.scdn.co/image/ab67616d0000b2738f4de1ac36cbc83badcabc3f,2006,https://p.scdn.co/mp3-preview/ca36e62b50fe40244ff623096268ae0c63fb7b98?cid=025b3fc46b48490c9d2b54cbf1d12888,https://open.spotify.com/track/42mXsXFra3cdVLoszxUpcd,0.852,0.306,0.261,0.926,0.117,-19.706,0.031,135.326,0.137,Sleepy
5Gys2CeJwuTGlR8OsLYi29,idm,Diving Station,Boards of Canada,Geogaddi,https://i.scdn.co/image/ab67616d0000b273665c8dc1a815f56e6898db78,2002-02-19,https://p.scdn.co/mp3-preview/7a9d153a9183128b379fab20e9bc335c5ab7d126?cid=025b3fc46b48490c9d2b54cbf1d12888,https://open.spotify.com/track/5Gys2CeJwuTGlR8OsLYi29,0.369,0.173,0.132,0.869,0.305,-26.783,0.0371,201.026,0.0653,Sleepy
00kO4Z0mFAFs6KLlXnaD0f,jazz,Black Orchid,"Cal Tjader,Eddie Palmieri",El Sonido Nuevo,https://i.scdn.co/image/ab67616d0000b2736bf5b41543eae404d0f05b3f,1966-01-01,,https://open.spotify.com/track/00kO4Z0mFAFs6KLlXnaD0f,0.955,0.697,0.147,0.845,0.112,-18.481,0.0476,123.708,0.409,Sleepy
78wKKeOvmpMnJOJx9jYRg9,k-pop,향,김태성,최종병기 활 OST,https://i.scdn.co/image/ab67616d0000b27388bfb4afe3a9acee2b578f63,2011-08-09,,https://open.spotify.com/track/78wKKeOvmpMnJOJx9jYRg9,0.934,0.172,0.137,0.62,0.259,-16.184,0.044,119.951,0.0589,Sleepy
1wmrAhxfFvuZyeQH3CObBh,kids,I Still Miss Someone,Hushabye Baby,Lullaby Renditions of Johnny Cash,https://i.scdn.co/image/ab67616d0000b2736c1dfa166c26c042c38b5b9a,2008-10-07,https://p.scdn.co/mp3-preview/2bdbc2627645fd1d3f88c4b4935b36c30fd839e9?cid=025b3fc46b48490c9d2b54cbf1d12888,https://open.spotify.com/track/1wmrAhxfFvuZyeQH3CObBh,0.726,0.704,0.104,0.865,0.115,-18.841,0.0382,93.968,0.552,Sleepy
0LmsA47nB1ftynDaNHhKYV,minimal-techno,Die Invasion der Taschenkrebse,Dominik Eulberg,Flora & Fauna,https://i.scdn.co/image/ab67616d0000b273f9a333c05210390f67402a61,2004,,https://open.spotify.com/track/0LmsA47nB1ftynDaNHhKYV,0.223,0.875,0.266,0.943,0.102,-15.067,0.0874,129.991,0.103,Sleepy
5r04nCsGXiTBsyd0yBys7j,movies,The Eagles (feat. Renée Fleming),"Howard Shore,Renée Fleming",The Lord of the Rings - The Return of the King - The Complete Recordings (Limited Edition),https://i.scdn.co/image/ab67616d0000b2732b4d071f7824b2c60c3b85cd,2003-11-24,https://p.scdn.co/mp3-preview/3cd665383d3d4deb66e1b01379e654b8e49e128e?cid=025b3fc46b48490c9d2b54cbf1d12888,https://open.spotify.com/track/5r04nCsGXiTBsyd0yBys7j,0.992,0.123,0.015,0.706,0.1,-25.37,0.0436,96.838,0.0365,Sleepy
3vYg8WcDdRyiHfOpfjqlTa,movies,"Overture - From ""TRON: Legacy""/Score",Daft Punk,TRON: Legacy,https://i.scdn.co/image/ab67616d0000b27366919acb93950333962467f8,2010-12-03,,https://open.spotify.com/track/3vYg8WcDdRyiHfOpfjqlTa,0.873,0.104,0.0818,0.976,0.132,-14.773,0.0483,72.639,0.0378,Sleepy
5eZiC96lRq6IPHEOnbw0KS,movies,Up Is Down,Hans Zimmer,Pirates Of The Caribbean: At World's End Original Soundtrack,https://i.scdn.co/image/ab67616d0000b27368ad98a01e059cc6b7963ab3,2007-01-01,,https://open.spotify.com/track/5eZiC96lRq6IPHEOnbw0KS,0.251,0.276,0.434,0.923,0.0946,-14.679,0.0574,96.647,0.114,Sleepy
4YIW54P4WOI4p6KTUJce9R,movies,The Prince Of Persia,Harry Gregson-Williams,Prince Of Persia: The Sands Of Time (Original Motion Picture Soundtrack),https://i.scdn.co/image/ab67616d0000b273cec878a0267fb5ac77de21fc,2010-01-01,,https://open.spotify.com/track/4YIW54P4WOI4p6KTUJce9R,0.555,0.29,0.381,0.908,0.107,-17.713,0.0404,91.59,0.0378,Sleepy
3bvQ0jV25RWryznubbE3ky,movies,Journey to the Line,"Hans Zimmer,Gavin Greenaway",The Thin Red Line,https://i.scdn.co/image/ab67616d0000b27338ea31f63e33aafb8ede8d7b,1999-01-11,https://p.scdn.co/mp3-preview/02d737d5901fa28bff61c8778c062db158c5a77d?cid=025b3fc46b48490c9d2b54cbf1d12888,https://open.spotify.com/track/3bvQ0jV25RWryznubbE3ky,0.667,0.191,0.0923,0.92,0.495,-24.487,0.0419,119.958,0.0342,Sleepy
2pSMjadGmWcUbIF5eqLUxE,movies,The Battle of the Pelennor Fields,Howard Shore,The Lord of the Rings - The Return of the King - The Complete Recordings (Limited Edition),https://i.scdn.co/image/ab67616d0000b2732b4d071f7824b2c60c3b85cd,2003-11-24,https://p.scdn.co/mp3-preview/bc588f75394465309d75532c4f5f07e13f429599?cid=025b3fc46b48490c9d2b54cbf1d12888,https://open.spotify.com/track/2pSMjadGmWcUbIF5eqLUxE,0.473,0.175,0.399,0.959,0.0799,-14.865,0.0501,120.942,0.069,Sleepy
0k1dXy3EXi1Ob5eK3oRPm3,movies,Red Ledger,Alan Silvestri,The Avengers (Original Motion Picture Soundtrack),https://i.scdn.co/image/ab67616d0000b273b0b9aaf0ef903add8f96ff6e,2012-01-01,,https://open.spotify.com/track/0k1dXy3EXi1Ob5eK3oRPm3,0.764,0.132,0.0603,0.863,0.111,-23.176,0.0385,71.313,0.0355,Sleepy
5tNTQsDOQ8REOgTsmeYi0H,movies,Seven Years in Tibet,"John Williams,Yo-Yo Ma",John Williams - Greatest Hits 1969-1999,https://i.scdn.co/image/ab67616d0000b273c8bb8c6891b4a560666ba5d1,1970,https://p.scdn.co/mp3-preview/1d7fb019dfd83e4cd51c1d8fa67f18daed90cbf9?cid=025b3fc46b48490c9d2b54cbf1d12888,https://open.spotify.com/track/5tNTQsDOQ8REOgTsmeYi0H,0.947,0.154,0.0612,0.711,0.0903,-21.292,0.0404,77.182,0.0397,Sleepy
6bUY5gyWysgz4yD5ZjhjbT,movies,"Some People Are Worth Melting For - From ""Frozen""/Score",Christophe Beck,Frozen (Original Motion Picture Soundtrack / Deluxe Edition),https://i.scdn.co/image/ab67616d0000b2734b1899123e484c034e31164e,2013-01-01,,https://open.spotify.com/track/6bUY5gyWysgz4yD5ZjhjbT,0.967,0.133,0.0469,0.814,0.411,-23.376,0.0425,87.705,0.0396,Sleepy
15o6Mx8AlTHJNBdhRq0YKD,movies,Scorched earth,James Horner,AVATAR Music From The Motion Picture Music Composed and Conducted by James Horner,https://i.scdn.co/image/ab67616d0000b27305b46adf4b37df2f589cc7c9,2009-12-07,https://p.scdn.co/mp3-preview/73062e599cf336f406c41cd0e905738df10a03d1?cid=025b3fc46b48490c9d2b54cbf1d12888,https://open.spotify.com/track/15o6Mx8AlTHJNBdhRq0YKD,0.746,0.221,0.226,0.851,0.104,-22.08,0.0412,133.095,0.0413,Sleepy
0m2RopExFZisJMyPljXVRR,movies,"Theme from ""Batman: The Dark Knight""",Movie Sounds Unlimited,Greatest Film Composers Vol. 9 - The Music of Hans Zimmer,https://i.scdn.co/image/ab67616d0000b273875383bb8c698c6590eb40bc,2008-09-25,https://p.scdn.co/mp3-preview/bb7933689b939463e412ed2b9d86878b3084f75e?cid=025b3fc46b48490c9d2b54cbf1d12888,https://open.spotify.com/track/0m2RopExFZisJMyPljXVRR,0.64,0.577,0.457,0.873,0.121,-17.662,0.051,94.067,0.0613,Sleepy
5GPUE1hsIeaM8RpKNKVZmg,movies,To Zuccabar,"Hans Zimmer,Djivan Gasparyan,Gavin Greenaway,The Lyndhurst Orchestra",Gladiator - Music From The Motion Picture,https://i.scdn.co/image/ab67616d0000b273f3a2d7f692fcad25284c5f1e,2000-04-25,,https://open.spotify.com/track/5GPUE1hsIeaM8RpKNKVZmg,0.88,0.177,0.192,0.919,0.11,-27.06,0.064,112.363,0.0835,Sleepy
5565eG2z1gPbQYUxJHQYAc,movies,Entering The Capitol,James Newton Howard,The Hunger Games: Original Motion Picture Score,https://i.scdn.co/image/ab67616d0000b2734f240fc627be3ada958924e9,2012-01-01,,https://open.spotify.com/track/5565eG2z1gPbQYUxJHQYAc,0.253,0.261,0.241,0.916,0.164,-22.299,0.043,150.035,0.0394,Sleepy
7Fzb2dw80xMJdZheW7Prh8,movies,"Cadillac of the Skies (From ""Empire of the Sun"")","John Williams,Boston Pops Orchestra",John Williams - Greatest Hits 1969-1999,https://i.scdn.co/image/ab67616d0000b273c8bb8c6891b4a560666ba5d1,1970,https://p.scdn.co/mp3-preview/e39a2c42a4a27f88441578e1b9df79f61bdce588?cid=025b3fc46b48490c9d2b54cbf1d12888,https://open.spotify.com/track/7Fzb2dw80xMJdZheW7Prh8,0.948,0.104,0.1,0.784,0.0881,-21.45,0.0414,91.484,0.0375,Sleepy
20rmtxljOGVz4T3nSrtAV1,movies,Elysium,"Klaus Badelt,Lisa Gerrard,Gavin Greenaway,The Lyndhurst Orchestra",Gladiator - Music From The Motion Picture,https://i.scdn.co/image/ab67616d0000b273f3a2d7f692fcad25284c5f1e,2000-04-25,,https://open.spotify.com/track/20rmtxljOGVz4T3nSrtAV1,0.732,0.0833,0.0715,0.892,0.139,-25.107,0.0447,83.268,0.0372,Sleepy
1XuTyNtFLZvBBBHtgte5F2,movies,The Cave,James Newton Howard,The Hunger Games: Original Motion Picture Score,https://i.scdn.co/image/ab67616d0000b2734f240fc627be3ada958924e9,2012-01-01,,https://open.spotify.com/track/1XuTyNtFLZvBBBHtgte5F2,0.73,0.177,0.0862,0.951,0.0806,-25.233,0.0354,86.321,0.0566,Sleepy
6SJng26JY5AC65KlKKpuWO,movies,South of Heaven’s Chanting Mermaids,Rodrigo y Gabriela,Pirates Of The Caribbean: On Stranger Tides (Original Motion Picture Soundtrack),https://i.scdn.co/image/ab67616d0000b2739b486780ee7bdaddfbb93775,2011-01-01,,https://open.spotify.com/track/6SJng26JY5AC65KlKKpuWO,0.852,0.769,0.314,0.885,0.127,-21.917,0.0308,110.989,0.396,Sleepy
3UXgrPK7wtsBaJr1QKjz3G,movies,Spectres in the Fog,Hans Zimmer,The Last Samurai: Original Motion Picture Score,https://i.scdn.co/image/ab67616d0000b273235e53217a0c29051484b3a4,2003-11-25,https://p.scdn.co/mp3-preview/e3deebf382c405059c6e3525fd6c905ab3625b9c?cid=025b3fc46b48490c9d2b54cbf1d12888,https://open.spotify.com/track/3UXgrPK7wtsBaJr1QKjz3G,0.469,0.222,0.283,0.935,0.0878,-19.307,0.0478,143.315,0.0389,Sleepy
1dTOe39uONVELLeSTOOZXF,new-age,Babes in the Wood,Llewellyn,Ghosts (Digitally Re-Mastered + Bonus) - Music Inspired By True Ghost Stories of the Uk,https://i.scdn.co/image/ab67616d0000b273bd58fbd8a4686b6641ff2ef6,2009-12-01,https://p.scdn.co/mp3-preview/6f84e5acbd5b6738173e17294ea3586c9478705c?cid=025b3fc46b48490c9d2b54cbf1d12888,https://open.spotify.com/track/1dTOe39uONVELLeSTOOZXF,0.799,0.179,0.253,0.553,0.12,-21.278,0.0372,159.058,0.146,Sleepy
5VHt3nt8eIfnSLkOK7K1DL,new-age,Hearts of Fire,Aeoliah,The Best of Aeoliah,https://i.scdn.co/image/ab67616d0000b2732a5bf60296eae8b76ea29539,2003-01-01,https://p.scdn.co/mp3-preview/9000bcd5c4acabb1650ab273c668e9b6262c27f7?cid=025b3fc46b48490c9d2b54cbf1d12888,https://open.spotify.com/track/5VHt3nt8eIfnSLkOK7K1DL,0.941,0.115,0.0697,0.757,0.109,-23.788,0.0376,85.116,0.0339,Sleepy
3zsGvF4l4A9myZSG4vw0km,new-age,Four,Deuter,Atmospheres,https://i.scdn.co/image/ab67616d0000b2732617c9827ac049c688b76b6f,2008,,https://open.spotify.com/track/3zsGvF4l4A9myZSG4vw0km,0.975,0.106,0.00779,0.928,0.0868,-33.542,0.0404,62.611,0.0324,Sleepy
24TOhhpJeIGCxqGjXg3Cn3,new-age,Four Winds,J. Reuben Silverbird,Shaman Spirit,https://i.scdn.co/image/ab67616d0000b273e9c5942833f793ba4fd2a90f,2008-01-01,https://p.scdn.co/mp3-preview/a9ba32c091b9b091dcf5391a0a6cb3672300e0fb?cid=025b3fc46b48490c9d2b54cbf1d12888,https://open.spotify.com/track/24TOhhpJeIGCxqGjXg3Cn3,0.837,0.364,0.211,0.91,0.0857,-18.797,0.0309,79.983,0.0331,Sleepy
4R4CyUrdpCMmCRckZZjVwr,new-age,Prelude - Gentle Rain Album Version,David Arkenstone,Gentle Rain,https://i.scdn.co/image/ab67616d0000b2736af5818fd5e4d06445d2dfe2,2006-01-01,,https://open.spotify.com/track/4R4CyUrdpCMmCRckZZjVwr,0.000697,0.217,0.619,0.851,0.334,-31.602,0.0909,74.881,0.0207,Sleepy
2G8HhYKm5tuxW3HC7Mi5Ni,new-age,Planet,Kitaro,The Definitive Collection,https://i.scdn.co/image/ab67616d0000b273176b4d6f91a93cdc5c36ad2c,2007-11-06,https://p.scdn.co/mp3-preview/fdfffddc608d68b1f27c75567208b8b3858f7a76?cid=025b3fc46b48490c9d2b54cbf1d12888,https://open.spotify.com/track/2G8HhYKm5tuxW3HC7Mi5Ni,0.895,0.115,0.178,0.907,0.162,-21.436,0.0399,81.416,0.0377,Sleepy
5uIJaCKb3HEzWvQvWkqqmT,new-age,The Cape of Restless Souls,"David Antony Clark,Various Artists",Exotisk Stillhet (Exotic Stillness),https://i.scdn.co/image/ab67616d0000b2737fca7ee68da0289cedee8673,2005-01-01,https://p.scdn.co/mp3-preview/4a53241fea8d88c5a3436100692dd2d1e383ec5b?cid=025b3fc46b48490c9d2b54cbf1d12888,https://open.spotify.com/track/5uIJaCKb3HEzWvQvWkqqmT,0.628,0.177,0.336,0.635,0.823,-18.422,0.0417,152.044,0.11,Sleepy
0lIhU5NRZBSGlATPih9Ggf,new-age,Resurrection,"John Debney,Ron Allen,Chris Bleth,Nick Ingman & His Orchestra,Nick Ingman",The Passion Of The Christ - Original Motion Picture Soundtrack,https://i.scdn.co/image/ab67616d0000b273090fdb3dc88ef504a0b92781,2003-12-08,https://p.scdn.co/mp3-preview/137d52cd4410654ba2e3ca7eaa4b050aae16a1ba?cid=025b3fc46b48490c9d2b54cbf1d12888,https://open.spotify.com/track/0lIhU5NRZBSGlATPih9Ggf,0.545,0.0719,0.261,0.907,0.11,-19.301,0.05,77.148,0.0398,Sleepy
46NOUvdAhnRhdpn2Y98wym,new-age,Symphony of Dreams,Kitaro,The Quintessential Kitaro,https://i.scdn.co/image/ab67616d0000b2731dd1617406071e52629cf03d,2013-11-12,https://p.scdn.co/mp3-preview/25fcc403030a550c09af783e4c9a35b63386c057?cid=025b3fc46b48490c9d2b54cbf1d12888,https://open.spotify.com/track/46NOUvdAhnRhdpn2Y98wym,0.931,0.152,0.136,0.854,0.103,-17.335,0.0384,68.811,0.049,Sleepy
6icVVxux7JJrHnbOYaEo7I,opera,"La Sonnambula / Act 2: Ah! non credea mirarti si presto estinto, o fiore","Vincenzo Bellini,Cecilia Bartoli,Juan Diego Flórez,Orchestra La Scintilla,Alessandro De Marchi",Sospiri,https://i.scdn.co/image/ab67616d0000b273ba66555b8426eff497b2b3f9,2010-01-01,,https://open.spotify.com/track/6icVVxux7JJrHnbOYaEo7I,0.99,0.193,0.0366,0.552,0.11,-25.094,0.0678,179.846,0.0372,Sleepy
226FvyyOJD37uR3fEXvmnl,opera,"Herz und Mund und Tat und Leben, Cantata BWV 147: Jesu Joy Of Man's Desiring","Johann Sebastian Bach,St. Paul's Cathedral Choir,Neil Black,English Chamber Orchestra,Barry Rose",100 Classical Favourites,https://i.scdn.co/image/ab67616d0000b2735cbee0e7c6bb2418be85f6d9,1998-01-01,,https://open.spotify.com/track/226FvyyOJD37uR3fEXvmnl,0.981,0.197,0.0336,0.553,0.156,-27.349,0.0482,69.713,0.125,Sleepy
08Xo4dMuYBPRaJIfFBrExL,opera,"Bellini: Norma : Act 1 ""Casta diva"" [Norma]","Vincenzo Bellini,Maria Callas,Arturo Basile,Orchestra Sinfonica della RAI de Torino",40 Most Beautiful Arias (international version),https://i.scdn.co/image/ab67616d0000b2739af471a1998fb0a60037b2dc,2008-04-29,https://p.scdn.co/mp3-preview/bbd40e14eaa960db3310328bf9a8bbd52f258f44?cid=025b3fc46b48490c9d2b54cbf1d12888,https://open.spotify.com/track/08Xo4dMuYBPRaJIfFBrExL,0.995,0.184,0.157,0.815,0.112,-13.925,0.0457,81.178,0.0736,Sleepy
1uSEm7N04g9viWk2Q5aaCe,opera,"Tosca, SC 69 / Act 3: ""E lucevan le stelle""","Giacomo Puccini,Jonas Kaufmann,Prague Philharmonic Orchestra,Marco Armiliato",The Best Of Jonas Kaufmann,https://i.scdn.co/image/ab67616d0000b273cf822d09c59abc06e1c0cdc0,2013-01-01,,https://open.spotify.com/track/1uSEm7N04g9viWk2Q5aaCe,0.984,0.135,0.162,0.834,0.0792,-12.379,0.0431,87.391,0.0363,Sleepy
7eJrCgHtKkAuxX5kaiWxwI,piano,"Dearly Beloved (From ""Kingdom Hearts"") [2012]",Kyle Landry,"Dearly Beloved (From ""Kingdom Hearts"") [2012] - Single",https://i.scdn.co/image/ab67616d0000b2737c7cdab887e5c0a98715df1c,2013-01-02,,https://open.spotify.com/track/7eJrCgHtKkAuxX5kaiWxwI,0.862,0.312,0.0726,0.877,0.0964,-18.549,0.0492,87.219,0.0384,Sleepy
4N07lc7m6XAKRXBKSQx3aR,piano,"4 Impromptus, Op. 142, D. 935: Impromptu No. 3 in B-Flat Major","Franz Schubert,Jenő Jandó",Schubert: Impromptus (Complete),https://i.scdn.co/image/ab67616d0000b273bc822272e4054d4311cae525,1990-03-15,https://p.scdn.co/mp3-preview/19dd2db7189cd494dbf2e6e181d3975d14c291df?cid=025b3fc46b48490c9d2b54cbf1d12888,https://open.spotify.com/track/4N07lc7m6XAKRXBKSQx3aR,0.986,0.184,0.0593,0.899,0.0884,-27.134,0.0445,64.718,0.112,Sleepy
4G5vKWM28EOVr2qWUbXodJ,piano,Melodia Africana III,Ludovico Einaudi,I giorni,https://i.scdn.co/image/ab67616d0000b27303052109aee86d1b0f04e63a,2001,,https://open.spotify.com/track/4G5vKWM28EOVr2qWUbXodJ,0.977,0.131,0.0876,0.842,0.0901,-25.247,0.0399,168.068,0.0366,Sleepy
4hxlBScGRBIwP7FYjVzBBN,piano,Fjögur píanó,Sigur Rós,Valtari,https://i.scdn.co/image/ab67616d0000b27344c9bf793ef4b48ba1f2b98c,2012-05-29,,https://open.spotify.com/track/4hxlBScGRBIwP7FYjVzBBN,0.844,0.14,0.141,0.846,0.12,-19.327,0.0403,73.649,0.0396,Sleepy
3SYpNSW2sXVghgwW1Ffm6I,piano,Willow,Helen Jane Long,Intervention,https://i.scdn.co/image/ab67616d0000b273fb34c7a09f21a5e5108a8c39,2012-08-27,https://p.scdn.co/mp3-preview/9c1be5fb3b1492f23aa4a8507b0086999c8802d4?cid=025b3fc46b48490c9d2b54cbf1d12888,https://open.spotify.com/track/3SYpNSW2sXVghgwW1Ffm6I,0.971,0.19,0.0704,0.84,0.117,-20.242,0.0363,145.072,0.098,Sleepy
13UOZXo6XMfbkThLBQK9Hk,piano,Forest Fantasy,Yiruma,Blind Film,https://i.scdn.co/image/ab67616d0000b273f5d341bd7b0c8b2d4e07387d,2013-10-08,https://p.scdn.co/mp3-preview/28c71bb4711360478c15858d4eea666c301f088a?cid=025b3fc46b48490c9d2b54cbf1d12888,https://open.spotify.com/track/13UOZXo6XMfbkThLBQK9Hk,0.994,0.682,0.146,0.908,0.116,-16.472,0.0445,109.987,0.109,Sleepy
5i7fnMbiq177yKYgYK7RWK,piano,Il Viaggio D'Inverno,Ludovico Einaudi,Sotto Falso Nome,https://i.scdn.co/image/ab67616d0000b273ab759f66475e11bea3abccf9,2004-02-20,https://p.scdn.co/mp3-preview/4f72e5ba0f076064ae07c480ffe12a65dd0dc02c?cid=025b3fc46b48490c9d2b54cbf1d12888,https://open.spotify.com/track/5i7fnMbiq177yKYgYK7RWK,0.989,0.16,0.152,0.91,0.116,-16.181,0.0497,80.21,0.0399,Sleepy
6onVtBLxZpq4cwMa3fUMJs,piano,Moonlight Sonata: Adagio Sostenuto,Ludwig van Beethoven,Classical Best Of,https://i.scdn.co/image/ab67616d0000b273fcd55c46457671aa89ff1b51,2009-06-01,,https://open.spotify.com/track/6onVtBLxZpq4cwMa3fUMJs,0.993,0.151,0.00153,0.914,0.0711,-45.393,0.0451,75.079,0.127,Sleepy
3753p8cD16MkkqIFxfvw1f,piano,Black Stallion,George Winston,Summer,https://i.scdn.co/image/ab67616d0000b273ed8880f327fdd790a810d4b2,1991-10-08,,https://open.spotify.com/track/3753p8cD16MkkqIFxfvw1f,0.987,0.604,0.0188,0.909,0.094,-19.258,0.12,102.647,0.324,Sleepy
7qDnHK23BZ2EEgn5KSbb5Q,post-dubstep,One Week Over,SBTRKT,2020,https://i.scdn.co/image/ab67616d0000b273a568c37022f059a066db93c3,2010,,https://open.spotify.com/track/7qDnHK23BZ2EEgn5KSbb5Q,0.345,0.724,0.363,0.85,0.14,-16.19,0.0683,135.039,0.0731,Sleepy
4zReKbSLccxAtZVkKVAKUp,psych-rock,May The Circle Remain Unbroken - Original,13th Floor Elevators,Bull Of The Woods,https://i.scdn.co/image/ab67616d0000b2733b03d6bf299412c3719ce36f,2006-04-14,,https://open.spotify.com/track/4zReKbSLccxAtZVkKVAKUp,0.789,0.47,0.312,0.885,0.608,-17.511,0.0698,125.136,0.304,Sleepy
7p98zfyf7VkIndtmWA6iGr,sleep,The Untouchables-The Death Theme (Ennio Morricone),"Orchestra Seattle,George Shangrow",A Tribute to Sean Connery,https://i.scdn.co/image/ab67616d0000b273bb9ee89df837850fbc8ebb4e,2012-04-18,https://p.scdn.co/mp3-preview/8b7d22fb2d6e5ead9f63ef87c72c57205e3b6151?cid=025b3fc46b48490c9d2b54cbf1d12888,https://open.spotify.com/track/7p98zfyf7VkIndtmWA6iGr,0.975,0.076,0.0341,0.963,0.104,-28.668,0.0443,81.758,0.0768,Sleepy
7whKNTYukx5k5Iq89Xb1K4,sleep,Candles,Jon Hopkins,Monsters (Original Motion Picture Soundtrack),https://i.scdn.co/image/ab67616d0000b2736d0c0e547b43686ec04603ac,2010-11-29,,https://open.spotify.com/track/7whKNTYukx5k5Iq89Xb1K4,0.868,0.298,0.148,0.843,0.11,-26.245,0.0438,108.658,0.0603,Sleepy
0siYhJVENxR6aeqH9uAAs3,sleep,Dreaming Of Bag End,Howard Shore,The Hobbit: An Unexpected Journey Original Motion Picture Soundtrack (International Version),https://i.scdn.co/image/ab67616d0000b273e294f3851ace91a3be2c17f2,2012-01-01,,https://open.spotify.com/track/0siYhJVENxR6aeqH9uAAs3,0.732,0.195,0.124,0.896,0.15,-19.457,0.0395,95.319,0.0396,Sleepy
6ybwRYDiWlC7N8LXcaQ1Wz,songwriter,Show Me Heaven (from Days Of Thunder),Royal Philharmonic Orchestra,The Best Of,https://i.scdn.co/image/ab67616d0000b273ed3c9fb6b57263951f6b0a4a,2009-08-01,,https://open.spotify.com/track/6ybwRYDiWlC7N8LXcaQ1Wz,0.208,0.401,0.243,0.888,0.0601,-18.055,0.0287,159.931,0.266,Sleepy
3LVu9UknpRqRoo8huEBiXr,soundtracks,Cybertron,Steve Jablonsky,Transformers: The Score,https://i.scdn.co/image/ab67616d0000b273fb97e773be6149c9c935880c,2007-10-01,https://p.scdn.co/mp3-preview/89fb0ed7d2885b2a3e81abdf1cfb3c2365395a7a?cid=025b3fc46b48490c9d2b54cbf1d12888,https://open.spotify.com/track/3LVu9UknpRqRoo8huEBiXr,0.199,0.0741,0.136,0.888,0.108,-21.801,0.0375,80.591,0.0313,Sleepy
2SGa3eKYVadfZ22PSKU4YK,soundtracks,Am I Not Merciful?,"Hans Zimmer,Gavin Greenaway,The Lyndhurst Orchestra",Gladiator - Music From The Motion Picture,https://i.scdn.co/image/ab67616d0000b273f3a2d7f692fcad25284c5f1e,2000-04-25,,https://open.spotify.com/track/2SGa3eKYVadfZ22PSKU4YK,0.116,0.0883,0.0809,0.557,0.112,-21.19,0.0402,86.525,0.0373,Sleepy
1tz32t5uHyjFxXHStEs3aA,soundtracks,Release,Deborah Lurie,9 Original Motion Picture Soundtrack,https://i.scdn.co/image/ab67616d0000b273123531febdc772d0dd28e874,2009-08-31,,https://open.spotify.com/track/1tz32t5uHyjFxXHStEs3aA,0.729,0.209,0.0768,0.936,0.28,-22.436,0.0419,67.609,0.0309,Sleepy
6GjDgtYc32aykZLBwXsJU4,soundtracks,On Stranger Tides,Hans Zimmer,Pirates Of The Caribbean: On Stranger Tides (Original Motion Picture Soundtrack),https://i.scdn.co/image/ab67616d0000b2739b486780ee7bdaddfbb93775,2011-01-01,,https://open.spotify.com/track/6GjDgtYc32aykZLBwXsJU4,0.482,0.122,0.295,0.971,0.0826,-14.032,0.052,83.846,0.0398,Sleepy
7G799Mcsbvfn5TSWZ7u7gI,soundtracks,Radical Notion,Hans Zimmer,Inception (Music From The Motion Picture),https://i.scdn.co/image/ab67616d0000b273bb53ecc4d4e007f8c0464753,2010-07-09,https://p.scdn.co/mp3-preview/da63df2b00de87566b92888629c405d917ca619b?cid=025b3fc46b48490c9d2b54cbf1d12888,https://open.spotify.com/track/7G799Mcsbvfn5TSWZ7u7gI,0.614,0.176,0.21,0.85,0.131,-22.375,0.047,168.017,0.038,Sleepy
3MjVnlXRHeIMQ8Dvb43Ajm,soundtracks,Frost Giant Battle,Patrick Doyle,Thor,https://i.scdn.co/image/ab67616d0000b273906ed97342960514f9553fa8,2011-01-01,,https://open.spotify.com/track/3MjVnlXRHeIMQ8Dvb43Ajm,0.22,0.419,0.594,0.959,0.346,-14.876,0.0474,82.847,0.16,Sleepy
71u5sCMNIR0FSaVBItszO3,soundtracks,Rose Of Arimathea,Hans Zimmer,The Da Vinci Code,https://i.scdn.co/image/ab67616d0000b2735ea309e496577133ac912c0c,2006-01-01,,https://open.spotify.com/track/71u5sCMNIR0FSaVBItszO3,0.925,0.0676,0.0209,0.899,0.101,-27.399,0.039,73.632,0.0367,Sleepy
1s9GYilV9guTnwidLuBV7I,soundtracks,The Hunger Games,James Newton Howard,The Hunger Games: Original Motion Picture Score,https://i.scdn.co/image/ab67616d0000b2734f240fc627be3ada958924e9,2012-01-01,,https://open.spotify.com/track/1s9GYilV9guTnwidLuBV7I,0.935,0.194,0.106,0.752,0.0833,-27.097,0.0389,99.537,0.0387,Sleepy
0tXYcptTvLtFKGTzZnsd0b,soundtracks,A Promise,Alan Silvestri,The Avengers (Original Motion Picture Soundtrack),https://i.scdn.co/image/ab67616d0000b273b0b9aaf0ef903add8f96ff6e,2012-01-01,,https://open.spotify.com/track/0tXYcptTvLtFKGTzZnsd0b,0.798,0.102,0.267,0.895,0.209,-13.828,0.0385,74.56,0.0383,Sleepy
5JtTSaH8W6UVqViPgpcqTq,soundtracks,Rachel's Song,Vangelis,Blade Runner (Music From The Original Soundtrack),https://i.scdn.co/image/ab67616d0000b2739ccdbb2b52240c4c500cac4c,1994-06-06,https://p.scdn.co/mp3-preview/f8ad0909c9dd0048927498423a94abd409396473?cid=025b3fc46b48490c9d2b54cbf1d12888,https://open.spotify.com/track/5JtTSaH8W6UVqViPgpcqTq,0.712,0.377,0.238,0.922,0.117,-19.388,0.0305,58.722,0.0722,Sleepy
5pydCYU7m8wcg5GWqi7d1p,soundtracks,Mass Effect 3: a Future For the Krogan/An End Once and For All,"Sarah Covey,London Philharmonic Orchestra",The Greatest Video Game Music 2,https://i.scdn.co/image/ab67616d0000b273441d1be1e00af07b430d2a0a,2012-11-06,https://p.scdn.co/mp3-preview/011b380b1f41d990113378d944959bb823c53bab?cid=025b3fc46b48490c9d2b54cbf1d12888,https://open.spotify.com/track/5pydCYU7m8wcg5GWqi7d1p,0.881,0.078,0.0796,0.963,0.0652,-23.297,0.0359,78.418,0.0394,Sleepy
5au9A3FX9KjzfPXiobVu4u,soundtracks,Mutant and Proud,Henry Jackman,X-MEN: FIRST CLASS,https://i.scdn.co/image/ab67616d0000b273a3476ff29ca1b705554694ff,2011-05-30,https://p.scdn.co/mp3-preview/869ddd17addc91d254dc19417a33586c2f9521c6?cid=025b3fc46b48490c9d2b54cbf1d12888,https://open.spotify.com/track/5au9A3FX9KjzfPXiobVu4u,0.831,0.17,0.143,0.955,0.116,-15.288,0.0467,120.028,0.0327,Sleepy
1hx9S1gyjUzDm6QrsEYxL8,soundtracks,Destiny,Harry Gregson-Williams,Prince Of Persia: The Sands Of Time (Original Motion Picture Soundtrack),https://i.scdn.co/image/ab67616d0000b273cec878a0267fb5ac77de21fc,2010-01-01,,https://open.spotify.com/track/1hx9S1gyjUzDm6QrsEYxL8,0.901,0.077,0.0681,0.923,0.0516,-19.366,0.0432,81.428,0.0343,Sleepy
1pPruJPGe5KHjKXRT7CPhw,soundtracks,"The Last Debate (feat. Sissel Performing ""Asëa Aranion"")",Howard Shore,The Lord of the Rings - The Return of the King - The Complete Recordings (Limited Edition),https://i.scdn.co/image/ab67616d0000b2732b4d071f7824b2c60c3b85cd,2003-11-24,https://p.scdn.co/mp3-preview/f0bc61c3ea58a20d498f6f29fd34346d616f2ee8?cid=025b3fc46b48490c9d2b54cbf1d12888,https://open.spotify.com/track/1pPruJPGe5KHjKXRT7CPhw,0.938,0.0708,0.0509,0.898,0.136,-24.076,0.05,76.346,0.0327,Sleepy
0U7aBoFU8RKYymRS2WMQw6,soundtracks,Titanic Suite,James Horner,Titanic: Original Motion Picture Soundtrack - Collector's Anniversary Edition,https://i.scdn.co/image/ab67616d0000b273ccdf9a5a2e2054b0e9d65c04,1997,https://p.scdn.co/mp3-preview/66893d24e031ff3e2f11defec17287fe0d600061?cid=025b3fc46b48490c9d2b54cbf1d12888,https://open.spotify.com/track/0U7aBoFU8RKYymRS2WMQw6,0.857,0.0998,0.0521,0.765,0.209,-23.038,0.0412,89.005,0.0339,Sleepy
5j88egIxPmPOwOIiPKisWl,soundtracks,The Palantír,Howard Shore,The Lord of the Rings - The Return of the King - The Complete Recordings (Limited Edition),https://i.scdn.co/image/ab67616d0000b2732b4d071f7824b2c60c3b85cd,2003-11-24,https://p.scdn.co/mp3-preview/c3abfd3246eb31bfb4d902b0f608bdb145402b6f?cid=025b3fc46b48490c9d2b54cbf1d12888,https://open.spotify.com/track/5j88egIxPmPOwOIiPKisWl,0.396,0.181,0.308,0.813,0.385,-16.625,0.0765,77.401,0.0356,Sleepy
0dilqERurek1iQzsVbVtOv,soundtracks,Banishment,Patrick Doyle,Thor,https://i.scdn.co/image/ab67616d0000b273906ed97342960514f9553fa8,2011-01-01,,https://open.spotify.com/track/0dilqERurek1iQzsVbVtOv,0.0216,0.139,0.212,0.906,0.0843,-16.525,0.0372,82.772,0.0281,Sleepy
7e3ROxgIM9zUpyHrh5C3ze,soundtracks,The Passing of the Grey Company,Howard Shore,The Lord of the Rings - The Return of the King - The Complete Recordings (Limited Edition),https://i.scdn.co/image/ab67616d0000b2732b4d071f7824b2c60c3b85cd,2003-11-24,https://p.scdn.co/mp3-preview/913a3ae241774bd523830fe94ba42bf627f0744a?cid=025b3fc46b48490c9d2b54cbf1d12888,https://open.spotify.com/track/7e3ROxgIM9zUpyHrh5C3ze,0.95,0.0836,0.024,0.929,0.104,-31.059,0.0451,84.904,0.0321,Sleepy
3VdzKymHyCA7OQdUiDREKF,soundtracks,Rise,Hans Zimmer,The Dark Knight Rises,https://i.scdn.co/image/ab67616d0000b273b8291b49fa74d2911798bd29,2012-08-29,https://p.scdn.co/mp3-preview/1ea527e2fb21f2a7bb16c0a5d290df6f790383ed?cid=025b3fc46b48490c9d2b54cbf1d12888,https://open.spotify.com/track/3VdzKymHyCA7OQdUiDREKF,0.528,0.121,0.319,0.862,0.0932,-16.991,0.0372,94.89,0.0399,Sleepy
7b32aLn3gja5SECcWjD7Yz,soundtracks,Almost Home,Trent Reznor and Atticus Ross,The Social Network,https://i.scdn.co/image/ab67616d0000b273897cd4eeff3174110aa6230b,2010-09-28,https://p.scdn.co/mp3-preview/ac5bc5eab2985265623aa1e8902abcc4cfe7b387?cid=025b3fc46b48490c9d2b54cbf1d12888,https://open.spotify.com/track/7b32aLn3gja5SECcWjD7Yz,0.66,0.564,0.243,0.838,0.171,-15.238,0.0307,106.0,0.215,Sleepy
3Lt5817WbIBT9Dp3Kv4J9r,soundtracks,Decepticons,Steve Jablonsky,Transformers: The Score,https://i.scdn.co/image/ab67616d0000b273fb97e773be6149c9c935880c,2007-10-01,https://p.scdn.co/mp3-preview/8a689484c5bf94560582300eb64a336402d158e7?cid=025b3fc46b48490c9d2b54cbf1d12888,https://open.spotify.com/track/3Lt5817WbIBT9Dp3Kv4J9r,0.289,0.319,0.4,0.894,0.106,-17.873,0.0396,140.029,0.282,Sleepy
1BfF1EHnLG6Bz7e0YLKk1Z,soundtracks,The Wedding - Instrumental,James Horner,Deep Impact - Music from the Motion Picture,https://i.scdn.co/image/ab67616d0000b2737b6629d1f166e48044e98200,1998-04-03,https://p.scdn.co/mp3-preview/9933b31df0067541b27e8d3b46a83e5e597d2ed1?cid=025b3fc46b48490c9d2b54cbf1d12888,https://open.spotify.com/track/1BfF1EHnLG6Bz7e0YLKk1Z,0.894,0.157,0.00891,0.742,0.0417,-38.223,0.0416,133.822,0.0343,Sleepy
4HoCLPoxBN7Tr8UziE6tLV,soundtracks,Preparing The Chariots,James Newton Howard,The Hunger Games: Original Motion Picture Score,https://i.scdn.co/image/ab67616d0000b2734f240fc627be3ada958924e9,2012-01-01,,https://open.spotify.com/track/4HoCLPoxBN7Tr8UziE6tLV,0.354,0.455,0.213,0.912,0.562,-23.831,0.0317,135.033,0.244,Sleepy
5CxLlTsLRxZJCzsHYEBIfj,soundtracks,Daniel's 9th Cipher,Hans Zimmer,The Da Vinci Code,https://i.scdn.co/image/ab67616d0000b2735ea309e496577133ac912c0c,2006-01-01,,https://open.spotify.com/track/5CxLlTsLRxZJCzsHYEBIfj,0.927,0.0614,0.0688,0.859,0.286,-27.02,0.0564,58.163,0.0263,Sleepy
0Dkibk70FDp6t7eOZNemNQ,soundtracks,Una Mattina,Ludovico Einaudi,Una Mattina,https://i.scdn.co/image/ab67616d0000b273c0c021c0ac135d923b3a0ddc,2004-01-01,,https://open.spotify.com/track/0Dkibk70FDp6t7eOZNemNQ,0.991,0.231,0.0297,0.878,0.0742,-31.544,0.0579,131.413,0.07,Sleepy
1zxRVxqYS312yXseGxthDi,study,"Overture (Suite) No. 3 in D Major, BWV 1068: II: Air on a G String","Johann Sebastian Bach,The Cavendish Orchestra,Terry Cavendish",Great Composers - J.S. Bach,https://i.scdn.co/image/ab67616d0000b2736885a2281466c3b1554b7448,2002,,https://open.spotify.com/track/1zxRVxqYS312yXseGxthDi,0.743,0.101,0.236,0.859,0.181,-16.914,0.0387,85.807,0.0397,Sleepy
4ir6xoRDxJmUikNTi0t7Cp,study,The Arrival of Baby Harry,John Williams,Harry Potter and The Sorcerer's Stone Original Motion Picture Soundtrack,https://i.scdn.co/image/ab67616d0000b27313f982aa5c43146c3d2c1964,2001-10-30,https://p.scdn.co/mp3-preview/08de35ae7e16d381711200e85665738eea18ddab?cid=025b3fc46b48490c9d2b54cbf1d12888,https://open.spotify.com/track/4ir6xoRDxJmUikNTi0t7Cp,0.898,0.0761,0.042,0.648,0.134,-24.631,0.0396,80.529,0.0349,Sleepy
2JPF4tCg8thUuISn496ynn,study,The Light,The Album Leaf,Into The Blue Again,https://i.scdn.co/image/ab67616d0000b273ef3b1944a916380fd094d26b,2006-11-08,,https://open.spotify.com/track/2JPF4tCg8thUuISn496ynn,0.908,0.176,0.123,0.879,0.208,-16.596,0.0439,109.536,0.0388,Sleepy
1f6FYCO3AuxXcNS1avDGcC,tango,Oblivion (Piazzolla),Ensemble Libertango,Astor Piazzolla: En Angel,https://i.scdn.co/image/ab67616d0000b273276d9427d6e883eb09b41356,2006-10-31,https://p.scdn.co/mp3-preview/a73fef65023352e8ab21281e55409e5205a5982e?cid=025b3fc46b48490c9d2b54cbf1d12888,https://open.spotify.com/track/1f6FYCO3AuxXcNS1avDGcC,0.818,0.0725,0.0262,0.935,0.109,-29.884,0.046,183.775,0.0582,Sleepy
2tVv7YO8qTcdnHvnnoIvsj,tango,La Cumparsita,Juan D'Arienzo & Su Orquesta Típica,Juan D'Arienzo:Discografía Completa Vol. 1,https://i.scdn.co/image/ab67616d0000b2734e4d56dd3af191d627ce925c,2003-01-01,https://p.scdn.co/mp3-preview/8737ac3e2b5f165fe5e5f0b1302a49c3330070bb?cid=025b3fc46b48490c9d2b54cbf1d12888,https://open.spotify.com/track/2tVv7YO8qTcdnHvnnoIvsj,0.995,0.614,0.182,0.795,0.118,-15.437,0.0547,129.453,0.471,Sleepy
1qYSIeRpf8r1DaGKsXqTpn,trance,In 10 Years From Now,Armin van Buuren,Intense,https://i.scdn.co/image/ab67616d0000b273a7354aa08bc3e76f416f194e,2013-05-03,https://p.scdn.co/mp3-preview/06a635ceea4a81bdac87e7695c289e1d373e5666?cid=025b3fc46b48490c9d2b54cbf1d12888,https://open.spotify.com/track/1qYSIeRpf8r1DaGKsXqTpn,0.939,0.103,0.124,0.937,0.0964,-27.571,0.0368,177.105,0.0398,Sleepy
4WA9WGYDiMEynd1RkRrHC7,world-music,Total Lucidity,Pet Music World,"Music for Dogs and Pets - Relaxing Music for Dogs, Cats and Other Friends. Music for Pet Relaxation",https://i.scdn.co/image/ab67616d0000b2736121dc628f2e57e7361ff2d4,2010-09-15,https://p.scdn.co/mp3-preview/ecb4d9dd9a298719f5e859426b14210561584367?cid=025b3fc46b48490c9d2b54cbf1d12888,https://open.spotify.com/track/4WA9WGYDiMEynd1RkRrHC7,0.798,0.191,0.0334,0.921,0.113,-22.142,0.0369,78.946,0.066,Sleepy
7mY0Zp8HFyu8DzL2eNQmnb,world-music,Native American Drums,Drums Of The World,"World Drums: African, Samba, Taiko, Chinese And Middle Eastern Music",https://i.scdn.co/image/ab67616d0000b2730712e409fbb6bb3675630c71,2008-09-03,https://p.scdn.co/mp3-preview/c9aa4fb96e4ec5c75b808cfcf8a72fd04a733cbc?cid=025b3fc46b48490c9d2b54cbf1d12888,https://open.spotify.com/track/7mY0Zp8HFyu8DzL2eNQmnb,0.393,0.559,0.336,0.952,0.0881,-16.363,0.132,124.212,0.04,Sleepy
2x4UxVa91cfiHP1FJ1HjTs,world-music,Look To The Sky,Antônio Carlos Jobim,Wave,https://i.scdn.co/image/ab67616d0000b27357b4c272355917a789e78e1c,1967-01-01,,https://open.spotify.com/track/2x4UxVa91cfiHP1FJ1HjTs,0.92,0.488,0.126,0.967,0.0909,-22.465,0.0337,132.365,0.624,Sleepy
